Township Name,Sale Date,Sale Price,Land Square Feet,Age,Wall Material,Roof Material,Rooms,Bedrooms,Basement,Basement Finish,Central Heating,Central Air Conditioning,Fireplaces,Attic Type,Full Baths,Half Baths,Design Plan,Cathedral Ceiling,Garage Size,Garage 1 Material,Building Square Feet,Use,Type of Residence,Tract Median Income,Land Acre,Sale Year,Sale Month
North Chicago,1/2/2018,1165,3125,33,Masonry,Shingle + Asphalt,8,3,Crawl,Unfinished,Warm Air Furnace,Central A/C,2,None,3,1,Stock Plan,No,2,Masonry,3.54,Single-Family,3 Story +,132.222,0.071740129,2018,1
North Chicago,1/3/2018,480,1167,21,Masonry,Shingle + Asphalt,5,2,Slab,Unfinished,Warm Air Furnace,Central A/C,1,None,2,0,Stock Plan,No,1,Masonry,1.422,Single-Family,3 Story +,99.44,0.026790634,2018,1
North Chicago,1/4/2018,920,2845,23,Masonry,Shingle + Asphalt,7,3,Full,Formal Rec Room,Warm Air Furnace,Central A/C,2,None,2,1,Stock Plan,No,2,Frame,2.228,Single-Family,2 Story,36.927,0.065312213,2018,1
North Chicago,1/4/2018,1587.5,2800,12,Masonry,Tar + Gravel,8,3,Full,Formal Rec Room,Warm Air Furnace,Central A/C,1,None,3,1,Stock Plan,No,2,Masonry,2.78,Single-Family,3 Story +,148.616,0.064279155,2018,1
North Chicago,1/5/2018,2675,2952,21,Masonry,Shingle + Asphalt,9,4,Full,Formal Rec Room,Warm Air Furnace,Central A/C,2,None,4,1,Stock Plan,No,2,Masonry,4.228,Single-Family,3 Story +,142.583,0.067768595,2018,1
North Chicago,1/9/2018,430,983,47,Masonry,Tar + Gravel,3,1,Crawl,Unfinished,Warm Air Furnace,Central A/C,1,None,1,0,Stock Plan,No,0,,0.936,Single-Family,2 Story,162.054,0.022566575,2018,1
North Chicago,1/12/2018,600,1465,34,Masonry,Tar + Gravel,5,3,Full,Formal Rec Room,Warm Air Furnace,Central A/C,1,None,3,0,Architect,,1,Masonry,1.606,Single-Family,3 Story +,141.806,0.033631772,2018,1
North Chicago,1/13/2018,1225,2020,29,Masonry,Tar + Gravel,8,4,Full,Formal Rec Room,Warm Air Furnace,Central A/C,3,None,3,1,Stock Plan,,2,Masonry,2.446,Single-Family,3 Story +,148.616,0.046372819,2018,1
North Chicago,1/17/2018,385,1266,48,Masonry,Tar + Gravel,5,2,Crawl,Unfinished,Warm Air Furnace,Central A/C,0,None,1,0,Stock Plan,No,0,,1.092,Single-Family,2 Story,112.788,0.029063361,2018,1
North Chicago,1/18/2018,1290,2550,3,Masonry,Tar + Gravel,10,5,Full,Unfinished,Warm Air Furnace,Central A/C,1,None,4,1,Stock Plan,No,2,Masonry,4.95,Single-Family,3 Story +,122.479,0.058539945,2018,1
North Chicago,1/19/2018,450,924,49,Masonry,Tar + Gravel,4,2,Crawl,Unfinished,Warm Air Furnace,Central A/C,1,None,1,0,Stock Plan,,0,,0.864,Single-Family,2 Story,132.222,0.021212121,2018,1
North Chicago,1/20/2018,2500,3000,18,Masonry,Tar + Gravel,13,5,Full,Formal Rec Room,Warm Air Furnace,Central A/C,4,None,4,2,Stock Plan,No,2,Masonry,3.348,Single-Family,3 Story +,148.616,0.068870523,2018,1
North Chicago,1/20/2018,3100,3125,9,Masonry,Tar + Gravel,8,4,Full,Formal Rec Room,Warm Air Furnace,Central A/C,2,None,4,2,Stock Plan,No,2.5,Masonry,3.628,Single-Family,3 Story +,148.616,0.071740129,2018,1
North Chicago,1/21/2018,620,911,23,Masonry,Shingle + Asphalt,5,2,Slab,Unfinished,Warm Air Furnace,Central A/C,1,None,2,1,Stock Plan,No,1,Masonry,1.771,Single-Family,3 Story +,148.616,0.020913682,2018,1
North Chicago,1/21/2018,1200,1602,17,Masonry,Tar + Gravel,6,3,Slab,Unfinished,Warm Air Furnace,Central A/C,1,None,2,1,Stock Plan,No,2,Masonry,2.72,Single-Family,3 Story +,158.375,0.03677686,2018,1
North Chicago,1/22/2018,940,1523,17,Masonry,Tar + Gravel,7,3,Slab,Unfinished,Warm Air Furnace,Central A/C,1,None,3,1,Stock Plan,No,2,Masonry,2.993,Single-Family,3 Story +,122.479,0.034963269,2018,1
North Chicago,1/22/2018,1700,2928,14,Masonry,Tar + Gravel,12,5,Full,Formal Rec Room,Warm Air Furnace,Central A/C,3,None,5,1,Stock Plan,No,2,Masonry,3.788,Single-Family,3 Story +,36.927,0.067217631,2018,1
North Chicago,1/24/2018,626.4,938,49,Masonry,Tar + Gravel,6,3,Full,Formal Rec Room,Warm Air Furnace,Central A/C,1,None,2,0,Stock Plan,Yes,0,,1.438,Single-Family,2 Story,112.788,0.021533517,2018,1
North Chicago,1/29/2018,810,1507,17,Masonry,Tar + Gravel,7,3,Slab,Unfinished,Warm Air Furnace,Central A/C,1,None,3,1,Stock Plan,No,2,Masonry,2.993,Single-Family,3 Story +,122.479,0.03459596,2018,1
North Chicago,1/30/2018,1737,2722,26,Masonry,Shingle + Asphalt,7,3,Full,Formal Rec Room,Warm Air Furnace,Central A/C,0,None,2,1,Stock Plan,No,2,Masonry,2.92,Single-Family,2 Story,132.222,0.062488522,2018,1
North Chicago,1/31/2018,765,1617,6,Masonry,Tar + Gravel,8,4,Slab,Unfinished,Warm Air Furnace,Central A/C,0,None,2,1,Stock Plan,No,2,Masonry,2.134,Single-Family,2 Story,58.542,0.037121212,2018,1
North Chicago,1/31/2018,1118.5,1330,33,Masonry,Shingle + Asphalt,7,3,Slab,Unfinished,Warm Air Furnace,Central A/C,1,None,3,1,Stock Plan,,1.5,Masonry,2.532,Single-Family,3 Story +,83.806,0.030532599,2018,1
North Chicago,2/5/2018,1390,3125,25,Masonry,Tar + Gravel,8,4,Full,Formal Rec Room,Warm Air Furnace,Central A/C,2,None,4,1,Stock Plan,No,2,Frame,3.609,Single-Family,3 Story +,132.222,0.071740129,2018,2
North Chicago,2/6/2018,2550,3125,17,Masonry,Tar + Gravel,9,5,Partial,Formal Rec Room,Warm Air Furnace,Central A/C,1,None,4,1,Stock Plan,No,2,Masonry,3.248,Single-Family,2 Story,119.432,0.071740129,2018,2
North Chicago,2/14/2018,412.5,696,49,Masonry,Tar + Gravel,4,2,Full,Formal Rec Room,Warm Air Furnace,Central A/C,1,None,1,1,Stock Plan,No,0,,0.861,Single-Family,2 Story,142.583,0.015977961,2018,2
North Chicago,2/15/2018,667.5,2295,35,Masonry,Shingle + Asphalt,6,3,Slab,Unfinished,Warm Air Furnace,Central A/C,1,Partial,2,1,Stock Plan,No,1,Frame,1.502,Single-Family,2 Story,141.806,0.05268595,2018,2
North Chicago,2/16/2018,875,1769,21,Masonry,Shingle + Asphalt,5,2,Full,Unfinished,Warm Air Furnace,Central A/C,1,None,2,0,Stock Plan,No,0,,1.44,Single-Family,2 Story,122.479,0.040610652,2018,2
North Chicago,3/9/2018,669,1107,46,Masonry,Tar + Gravel,6,2,Full,Unfinished,Warm Air Furnace,No Central A/C,1,None,2,0,Stock Plan,,0,,1.584,Single-Family,2 Story,138.934,0.025413223,2018,3
North Chicago,3/9/2018,3705,3720,6,Masonry,Other,9,5,Full,Formal Rec Room,Warm Air Furnace,Central A/C,2,None,4,3,Stock Plan,No,2.5,Masonry,4.287,Single-Family,3 Story +,119.432,0.085399449,2018,3
North Chicago,3/16/2018,800,1323,33,Masonry,Tar + Gravel,6,3,Full,Formal Rec Room,Warm Air Furnace,Central A/C,1,None,3,0,Stock Plan,No,1,Masonry,1.644,Single-Family,2 Story,132.222,0.030371901,2018,3
North Chicago,3/22/2018,624,1494,21,Masonry,Shingle + Asphalt,6,3,Slab,Unfinished,Warm Air Furnace,Central A/C,1,None,2,1,Stock Plan,No,1,Masonry,2.22,Single-Family,3 Story +,99.44,0.034297521,2018,3
North Chicago,3/22/2018,1410,3125,3,Masonry,Tar + Gravel,11,6,Full,Formal Rec Room,Warm Air Furnace,Central A/C,1,None,5,2,Stock Plan,No,2.5,Masonry,3.864,Single-Family,3 Story +,148.616,0.071740129,2018,3
North Chicago,3/23/2018,1710,2577,30,Masonry,Tar + Gravel,12,6,Full,Unfinished,Warm Air Furnace,Central A/C,1,None,4,1,Stock Plan,Yes,2,Frame,3.999,Single-Family,3 Story +,141.806,0.05915978,2018,3
North Chicago,3/26/2018,945,1365,26,Masonry,Shingle + Asphalt,7,3,Slab,Unfinished,Warm Air Furnace,Central A/C,0,None,3,0,Stock Plan,,2,Masonry,2.206,Single-Family,3 Story +,122.479,0.031336088,2018,3
North Chicago,3/27/2018,605,654,23,Masonry,Tar + Gravel,6,3,Slab,Unfinished,Warm Air Furnace,Central A/C,1,None,2,1,Stock Plan,No,1,Masonry,1.921,Single-Family,3 Story +,36.927,0.015013774,2018,3
North Chicago,4/2/2018,475,822,27,Masonry,Shingle + Asphalt,6,3,Slab,Unfinished,Warm Air Furnace,Central A/C,0,None,2,1,Stock Plan,No,1,Masonry,1.24,Single-Family,2 Story,132.222,0.018870523,2018,4
North Chicago,4/3/2018,900,1210,33,Masonry,Shingle + Asphalt,6,3,Slab,Unfinished,Warm Air Furnace,Central A/C,1,None,3,1,Stock Plan,,1.5,Masonry,2.349,Single-Family,3 Story +,83.806,0.027777778,2018,4
North Chicago,4/3/2018,1450,2856,3,Masonry,Tar + Gravel,9,4,Full,Formal Rec Room,Warm Air Furnace,Central A/C,2,None,3,1,Stock Plan,No,2,Masonry,4.557,Single-Family,3 Story +,142.583,0.065564738,2018,4
North Chicago,4/6/2018,1100,2704,55,Masonry,Shingle + Asphalt,9,5,Slab,Unfinished,Warm Air Furnace,Central A/C,0,None,3,0,Stock Plan,No,2,Frame,2.87,Single-Family,2 Story,94.598,0.062075298,2018,4
North Chicago,4/9/2018,926.5,1157,26,Masonry,Shingle + Asphalt,6,3,Slab,Unfinished,Warm Air Furnace,Central A/C,1,None,3,0,Stock Plan,No,1,Masonry,1.869,Single-Family,3 Story +,122.479,0.026561065,2018,4
North Chicago,4/9/2018,962,1067,26,Masonry,Shingle + Asphalt,6,3,Slab,Unfinished,Warm Air Furnace,Central A/C,0,None,3,0,Stock Plan,,2,Masonry,1.869,Single-Family,3 Story +,122.479,0.024494949,2018,4
North Chicago,4/10/2018,1375,2025,31,Masonry,Shingle + Asphalt,7,2,Full,Formal Rec Room,Warm Air Furnace,Central A/C,2,None,4,1,Stock Plan,,2,Masonry,2.446,Single-Family,3 Story +,148.616,0.046487603,2018,4
North Chicago,4/11/2018,820,1778,6,Masonry,Tar + Gravel,8,4,Slab,Unfinished,Warm Air Furnace,Central A/C,0,None,3,1,Stock Plan,No,2,Masonry,2.134,Single-Family,2 Story,58.542,0.040817264,2018,4
North Chicago,4/17/2018,1986,2976,15,Masonry,Tar + Gravel,7,4,Full,Formal Rec Room,Warm Air Furnace,Central A/C,1,None,3,1,Stock Plan,No,2,Masonry,3.652,Single-Family,3 Story +,132.222,0.068319559,2018,4
North Chicago,4/19/2018,1065,1057,42,Masonry,Shingle + Asphalt,7,3,Slab,Unfinished,Warm Air Furnace,Central A/C,1,Partial,2,1,Stock Plan,No,1,Masonry,2.299,Single-Family,3 Story +,83.806,0.024265381,2018,4
North Chicago,4/19/2018,1137.5,1276,33,Masonry,Shingle + Asphalt,8,4,Slab,Unfinished,Warm Air Furnace,Central A/C,0,None,2,2,Stock Plan,,1,Masonry,3.44,Single-Family,3 Story +,83.806,0.029292929,2018,4
North Chicago,4/23/2018,531.4,1167,21,Masonry,Shingle + Asphalt,5,2,Slab,Unfinished,Warm Air Furnace,Central A/C,1,None,2,0,Stock Plan,No,1,Masonry,1.422,Single-Family,3 Story +,99.44,0.026790634,2018,4
North Chicago,4/24/2018,1430,3100,3,Masonry,Tar + Gravel,11,6,Full,Formal Rec Room,Warm Air Furnace,Central A/C,4,None,5,1,Stock Plan,No,2,Masonry,3.509,Single-Family,3 Story +,138.934,0.071166208,2018,4
North Chicago,4/25/2018,840,1032,15,Masonry,Tar + Gravel,7,3,Slab,Unfinished,Warm Air Furnace,Central A/C,1,None,2,1,Stock Plan,No,2,Masonry,1.692,Single-Family,3 Story +,99.44,0.02369146,2018,4
North Chicago,5/7/2018,1025,1365,26,Masonry,Shingle + Asphalt,7,3,Slab,Unfinished,Warm Air Furnace,Central A/C,0,None,3,0,Stock Plan,,2,Masonry,2.206,Single-Family,3 Story +,122.479,0.031336088,2018,5
North Chicago,5/8/2018,730,1876,48,Masonry,Tar + Gravel,6,3,Full,Formal Rec Room,Warm Air Furnace,Central A/C,0,None,2,1,Stock Plan,No,0,,1.254,Single-Family,2 Story,112.788,0.043067034,2018,5
North Chicago,5/9/2018,860,842,27,Masonry,Tar + Gravel,7,2,Slab,Unfinished,Warm Air Furnace,Central A/C,0,None,2,0,Stock Plan,No,2.5,Masonry,2.279,Single-Family,3 Story +,148.616,0.01932966,2018,5
North Chicago,5/9/2018,1125,1649,44,Masonry,Tar + Gravel,7,3,Full,Unfinished,Warm Air Furnace,Central A/C,1,Partial,2,0,Stock Plan,No,1,Masonry,1.794,Single-Family,2 Story,94.598,0.037855831,2018,5
North Chicago,5/9/2018,1410,2475,43,Masonry,Tar + Gravel,6,4,Full,Formal Rec Room,Warm Air Furnace,Central A/C,1,None,2,1,Stock Plan,,0,,1.904,Single-Family,2 Story,162.054,0.056818182,2018,5
North Chicago,5/10/2018,4350,3073,6,Masonry,Tar + Gravel,9,6,Full,Formal Rec Room,Warm Air Furnace,Central A/C,3,None,5,2,Stock Plan,No,3,Masonry,4.536,Single-Family,3 Story +,141.806,0.070546373,2018,5
North Chicago,5/15/2018,690,768,15,Masonry,Tar + Gravel,7,3,Slab,Unfinished,Warm Air Furnace,Central A/C,1,None,2,1,Stock Plan,No,2,Masonry,1.692,Single-Family,3 Story +,99.44,0.017630854,2018,5
North Chicago,5/21/2018,412,694,49,Masonry,Tar + Gravel,4,2,Full,Unfinished,Hot Water Steam,Central A/C,1,None,1,1,Stock Plan,No,0,,0.861,Single-Family,2 Story,142.583,0.015932048,2018,5
North Chicago,5/22/2018,1110,2928,21,Masonry,Tar + Gravel,9,4,Full,Formal Rec Room,Warm Air Furnace,Central A/C,3,None,3,1,Stock Plan,No,2,Masonry,3.099,Single-Family,3 Story +,36.927,0.067217631,2018,5
North Chicago,5/24/2018,5625,3683,14,Masonry,Shingle + Asphalt,10,5,Full,Formal Rec Room,Warm Air Furnace,Central A/C,2,None,4,1,Stock Plan,No,2,Masonry,5.53,Single-Family,3 Story +,141.806,0.084550046,2018,5
North Chicago,5/31/2018,725,1762,21,Masonry,Shingle + Asphalt,7,3,Slab,Unfinished,Warm Air Furnace,Central A/C,1,None,2,1,Stock Plan,No,1,Masonry,2.323,Single-Family,3 Story +,99.44,0.040449954,2018,5
North Chicago,6/5/2018,2110,2976,18,Masonry,Tar + Gravel,9,4,Full,Formal Rec Room,Warm Air Furnace,Central A/C,4,None,3,1,Stock Plan,Yes,2,Masonry,3.439,Single-Family,3 Story +,132.222,0.068319559,2018,6
North Chicago,6/6/2018,361,767,48,Masonry,Tar + Gravel,4,2,Crawl,Unfinished,Warm Air Furnace,Central A/C,0,None,1,0,Stock Plan,No,0,,0.864,Single-Family,2 Story,112.788,0.017607897,2018,6
North Chicago,6/6/2018,480,778,50,Masonry,Shingle + Asphalt,6,3,Full,Formal Rec Room,Warm Air Furnace,Central A/C,1,None,1,1,Stock Plan,No,0,,1.037,Single-Family,2 Story,142.583,0.017860422,2018,6
North Chicago,6/6/2018,1340,3000,3,Masonry,Shingle + Asphalt,10,6,Full,Formal Rec Room,Warm Air Furnace,Central A/C,2,None,5,2,Stock Plan,No,2,Masonry,4.2,Single-Family,3 Story +,148.616,0.068870523,2018,6
North Chicago,6/7/2018,597,1160,21,Masonry,Shingle + Asphalt,5,2,Slab,Unfinished,Warm Air Furnace,Central A/C,1,None,2,0,Stock Plan,No,1,Masonry,1.422,Single-Family,3 Story +,99.44,0.026629936,2018,6
North Chicago,6/7/2018,600,1016,49,Masonry,Tar + Gravel,7,3,Full,Formal Rec Room,Warm Air Furnace,Central A/C,1,None,2,0,Stock Plan,Yes,0,,1.469,Single-Family,2 Story,112.788,0.023324151,2018,6
North Chicago,6/7/2018,655,693,23,Masonry,Tar + Gravel,7,3,Slab,Unfinished,Warm Air Furnace,Central A/C,1,None,1,1,Stock Plan,No,1,Masonry,1.826,Single-Family,3 Story +,36.927,0.015909091,2018,6
North Chicago,6/7/2018,895,3100,3,Masonry,Shingle + Asphalt,9,5,Full,Formal Rec Room,Warm Air Furnace,Central A/C,2,None,5,1,Stock Plan,No,2,Masonry,3.78,Single-Family,3 Story +,138.934,0.071166208,2018,6
North Chicago,6/12/2018,580,1594,33,Frame + Masonry,Tar + Gravel,8,2,Slab,Unfinished,Warm Air Furnace,Central A/C,1,None,2,0,Stock Plan,No,1,Masonry,1.28,Single-Family,3 Story +,148.616,0.036593205,2018,6
North Chicago,6/15/2018,1107.5,1783,43,Masonry,Tar + Gravel,7,3,Slab,Unfinished,Warm Air Furnace,No Central A/C,2,None,2,0,Stock Plan,No,1,Frame,2.427,Single-Family,2 Story,148.616,0.040932048,2018,6
North Chicago,6/20/2018,2850,3100,9,Masonry,Tar + Gravel,9,4,Full,Formal Rec Room,Warm Air Furnace,Central A/C,2,None,3,1,Stock Plan,No,2.5,Masonry,4.3,Single-Family,3 Story +,138.934,0.071166208,2018,6
North Chicago,6/21/2018,1083,900,24,Masonry,Tar + Gravel,6,3,Slab,Unfinished,Warm Air Furnace,Central A/C,0,None,3,0,Stock Plan,,1.5,Masonry,1.965,Single-Family,3 Story +,121.318,0.020661157,2018,6
North Chicago,6/22/2018,875,1056,15,Masonry,Tar + Gravel,7,3,Slab,Unfinished,Warm Air Furnace,Central A/C,1,None,2,1,Stock Plan,No,2,Masonry,1.692,Single-Family,3 Story +,99.44,0.024242424,2018,6
North Chicago,6/22/2018,1260,3125,3,Masonry,Shingle + Asphalt,10,6,Full,Formal Rec Room,Warm Air Furnace,Central A/C,2,None,4,2,Stock Plan,No,2,Frame,4.692,Single-Family,3 Story +,148.616,0.071740129,2018,6
North Chicago,6/28/2018,860,1465,42,Masonry,Tar + Gravel,7,4,Slab,Unfinished,Warm Air Furnace,Central A/C,1,None,2,1,Stock Plan,No,1,Masonry,2.378,Single-Family,3 Story +,162.054,0.033631772,2018,6
North Chicago,6/29/2018,563,1066,27,Masonry,Shingle + Asphalt,6,3,Slab,Unfinished,Warm Air Furnace,Central A/C,0,None,2,1,Stock Plan,No,1,Masonry,1.24,Single-Family,2 Story,132.222,0.024471993,2018,6
North Chicago,7/2/2018,1210,3125,3,Masonry,Tar + Gravel,11,6,Full,Formal Rec Room,Warm Air Furnace,Central A/C,4,None,5,1,Stock Plan,No,2,Masonry,3.914,Single-Family,3 Story +,132.222,0.071740129,2018,7
North Chicago,7/3/2018,980,1069,27,Masonry,Shingle + Asphalt,7,3,Slab,Unfinished,Warm Air Furnace,Central A/C,2,None,2,1,Stock Plan,No,2,Masonry,2.356,Single-Family,2 Story,132.222,0.024540863,2018,7
North Chicago,7/5/2018,543.5,1167,21,Masonry,Shingle + Asphalt,5,2,Slab,Unfinished,Warm Air Furnace,Central A/C,1,None,2,0,Stock Plan,No,1,Masonry,1.422,Single-Family,3 Story +,99.44,0.026790634,2018,7
North Chicago,7/5/2018,660,893,15,Masonry,Tar + Gravel,7,3,Slab,Unfinished,Warm Air Furnace,Central A/C,1,None,2,1,Stock Plan,No,2,Masonry,1.692,Single-Family,3 Story +,99.44,0.020500459,2018,7
North Chicago,7/5/2018,950,1667,21,Masonry,Tar + Gravel,6,3,Partial,Unfinished,Warm Air Furnace,Central A/C,1,None,1,1,Stock Plan,No,1,Masonry,1.636,Single-Family,2 Story,122.479,0.038269054,2018,7
North Chicago,7/6/2018,667,1028,18,Masonry,Tar + Gravel,7,3,Slab,Unfinished,Warm Air Furnace,Central A/C,1,None,2,1,Stock Plan,No,2,Masonry,2.023,Single-Family,3 Story +,132.222,0.023599633,2018,7
North Chicago,7/10/2018,446,1183,48,Masonry,Tar + Gravel,4,2,Crawl,Unfinished,Warm Air Furnace,Central A/C,0,None,1,0,Stock Plan,No,0,,0.987,Single-Family,2 Story,112.788,0.027157943,2018,7
North Chicago,7/11/2018,999.999,1460,31,Masonry,Shingle + Asphalt,7,3,Slab,Unfinished,Warm Air Furnace,Central A/C,1,None,2,0,Stock Plan,No,1,Masonry,1.852,Single-Family,3 Story +,148.616,0.033516988,2018,7
North Chicago,7/11/2018,1925,2760,15,Masonry,Tar + Gravel,9,4,Full,Unfinished,Warm Air Furnace,Central A/C,2,None,4,0,Stock Plan,No,0,,3.501,Single-Family,3 Story +,119.432,0.063360882,2018,7
North Chicago,7/12/2018,937.5,1432,33,Masonry,Shingle + Asphalt,6,3,Slab,Unfinished,Warm Air Furnace,Central A/C,1,None,3,1,Stock Plan,,1.5,Masonry,2.349,Single-Family,3 Story +,83.806,0.032874197,2018,7
North Chicago,7/16/2018,2525,2805,14,Masonry,Tar + Gravel,12,6,Full,Formal Rec Room,Warm Air Furnace,Central A/C,3,None,5,2,Stock Plan,No,2,Masonry,4.892,Single-Family,3 Story +,94.598,0.064393939,2018,7
North Chicago,7/23/2018,451,798,33,Frame + Masonry,Tar + Gravel,4,1,Slab,Unfinished,Warm Air Furnace,Central A/C,1,None,2,0,Stock Plan,,1,Masonry,1.28,Single-Family,3 Story +,148.616,0.018319559,2018,7
North Chicago,7/23/2018,875,1530,31,Masonry,Tar + Gravel,8,3,Full,Formal Rec Room,Warm Air Furnace,Central A/C,0,None,1,1,Stock Plan,No,1,Frame,1.568,Single-Family,2 Story,148.616,0.035123967,2018,7
North Chicago,7/24/2018,490,799,33,Frame + Masonry,Tar + Gravel,4,1,Slab,Unfinished,Warm Air Furnace,Central A/C,1,None,2,0,Stock Plan,,1,Masonry,1.28,Single-Family,3 Story +,148.616,0.018342516,2018,7
North Chicago,7/24/2018,1499,2278,32,Masonry,Shingle + Asphalt,9,4,Slab,Unfinished,Warm Air Furnace,Central A/C,1,None,2,2,Architect,,2,Masonry,3.742,Single-Family,3 Story +,122.479,0.052295684,2018,7
North Chicago,7/24/2018,2590,3499,13,Masonry,Tar + Gravel,8,4,Full,Formal Rec Room,Warm Air Furnace,Central A/C,2,None,3,1,Stock Plan,No,2.5,Masonry,3.286,Single-Family,3 Story +,138.934,0.080325987,2018,7
North Chicago,7/25/2018,2158.75,2856,24,Masonry,Tar + Gravel,8,4,Full,Formal Rec Room,Warm Air Furnace,Central A/C,1,None,2,1,Stock Plan,No,2,Masonry,2.797,Single-Family,3 Story +,142.583,0.065564738,2018,7
North Chicago,7/27/2018,2675,2898,18,Masonry,Tar + Gravel,8,3,Full,Formal Rec Room,Warm Air Furnace,Central A/C,2,None,3,1,Stock Plan,No,2.5,Masonry,4.726,Single-Family,3 Story +,162.054,0.066528926,2018,7
North Chicago,7/30/2018,806.25,1498,42,Masonry,Tar + Gravel,7,4,Slab,Unfinished,Warm Air Furnace,Central A/C,1,None,2,1,Stock Plan,,1,Masonry,2.179,Single-Family,3 Story +,162.054,0.034389348,2018,7
North Chicago,8/7/2018,3050,3125,14,Masonry,Tar + Gravel,10,4,Full,Formal Rec Room,Warm Air Furnace,Central A/C,1,None,4,1,Stock Plan,No,2,Masonry,3.929,Single-Family,3 Story +,119.432,0.071740129,2018,8
North Chicago,8/8/2018,525,689,42,Masonry,Tar + Gravel,8,4,Slab,Unfinished,Warm Air Furnace,Central A/C,1,None,2,1,Stock Plan,No,0,,2.052,Single-Family,3 Story +,138.934,0.015817264,2018,8
North Chicago,8/10/2018,3778.3,3125,12,Masonry,Tar + Gravel,11,6,Full,Unfinished,Warm Air Furnace,Central A/C,1,None,5,2,Stock Plan,No,2,Masonry,4.598,Single-Family,3 Story +,109.191,0.071740129,2018,8
North Chicago,8/15/2018,4360,3769,3,Masonry,Tar + Gravel,11,5,Full,Formal Rec Room,Warm Air Furnace,Central A/C,2,None,4,2,Stock Plan,No,2,Masonry,3.828,Single-Family,3 Story +,109.191,0.086524334,2018,8
North Chicago,8/16/2018,600,858,48,Masonry,Tar + Gravel,7,4,Full,Formal Rec Room,Warm Air Furnace,Central A/C,1,None,2,1,Stock Plan,No,0,,1.56,Single-Family,2 Story,112.788,0.01969697,2018,8
North Chicago,8/16/2018,861.997,3069,17,Frame,Shingle + Asphalt,8,4,Full,Unfinished,Warm Air Furnace,Central A/C,0,None,2,1,Stock Plan,No,2,Frame,2.07,Single-Family,2 Story,99.44,0.070454545,2018,8
North Chicago,8/17/2018,4800,4650,18,Masonry,Shingle + Asphalt,11,5,Full,Unfinished,Warm Air Furnace,Central A/C,2,Partial,4,1,Stock Plan,No,2,Masonry,5.683,Single-Family,3 Story +,138.934,0.106749311,2018,8
North Chicago,8/21/2018,800,1315,21,Masonry,Shingle + Asphalt,6,2,Full,Unfinished,Warm Air Furnace,Central A/C,1,None,2,0,Stock Plan,No,1,Masonry,1.57,Single-Family,2 Story,122.479,0.030188246,2018,8
North Chicago,8/23/2018,415,924,47,Masonry,Tar + Gravel,3,1,Full,Unfinished,Warm Air Furnace,Central A/C,1,None,1,0,Stock Plan,,0,,0.936,Single-Family,2 Story,162.054,0.021212121,2018,8
North Chicago,8/23/2018,4250,3708,25,Masonry,Shingle + Asphalt,13,7,Full,Formal Rec Room,Warm Air Furnace,Central A/C,4,None,6,1,Stock Plan,No,2,Masonry,5.445,Single-Family,3 Story +,83.806,0.085123967,2018,8
North Chicago,9/10/2018,985,1175,33,Masonry,Shingle + Asphalt,7,3,Slab,Unfinished,Warm Air Furnace,Central A/C,0,None,2,1,Stock Plan,,1,Masonry,2.28,Single-Family,3 Story +,83.806,0.026974288,2018,9
North Chicago,9/11/2018,750,939,15,Masonry,Tar + Gravel,7,3,Slab,Unfinished,Warm Air Furnace,Central A/C,1,None,2,1,Stock Plan,No,2,Masonry,1.692,Single-Family,3 Story +,99.44,0.021556474,2018,9
North Chicago,9/17/2018,540,1040,33,Masonry,Tar + Gravel,6,3,Full,Formal Rec Room,Warm Air Furnace,Central A/C,1,None,3,0,Stock Plan,No,1,Masonry,1.3,Single-Family,2 Story,132.222,0.023875115,2018,9
North Chicago,9/17/2018,5075,4092,26,Masonry,Tar + Gravel,11,5,Full,Formal Rec Room,Warm Air Furnace,Central A/C,1,None,5,1,Stock Plan,No,3,Masonry,4.36,Single-Family,3 Story +,141.806,0.093939394,2018,9
North Chicago,9/19/2018,575,695,23,Masonry,Tar + Gravel,7,3,Slab,Unfinished,Warm Air Furnace,Central A/C,1,None,1,1,Stock Plan,No,1,Masonry,1.826,Single-Family,3 Story +,36.927,0.015955005,2018,9
North Chicago,9/20/2018,322,1018,48,Masonry,Tar + Gravel,4,2,Crawl,Unfinished,Warm Air Furnace,Central A/C,0,None,1,0,Stock Plan,No,0,,0.864,Single-Family,2 Story,112.788,0.023370064,2018,9
North Chicago,9/21/2018,535,791,15,Masonry,Tar + Gravel,7,3,Slab,Unfinished,Warm Air Furnace,Central A/C,1,None,2,1,Stock Plan,No,2,Masonry,1.456,Single-Family,3 Story +,99.44,0.018158861,2018,9
North Chicago,9/26/2018,621.5,706,23,Masonry,Tar + Gravel,7,3,Slab,Unfinished,Warm Air Furnace,Central A/C,1,None,1,1,Stock Plan,No,1,Masonry,1.826,Single-Family,3 Story +,36.927,0.01620753,2018,9
North Chicago,9/27/2018,422.5,764,49,Masonry,Tar + Gravel,4,2,Full,Unfinished,Hot Water Steam,Central A/C,1,None,1,1,Stock Plan,No,0,,0.735,Single-Family,2 Story,142.583,0.017539027,2018,9
North Chicago,10/5/2018,426,1181,48,Masonry,Tar + Gravel,5,2,Crawl,Unfinished,Warm Air Furnace,Central A/C,0,None,1,0,Stock Plan,No,0,,1.092,Single-Family,2 Story,112.788,0.027112029,2018,10
North Chicago,10/10/2018,726.5,1184,39,Masonry,Tar + Gravel,7,3,Slab,Unfinished,Warm Air Furnace,Central A/C,1,None,2,1,Stock Plan,No,1,Masonry,1.539,Single-Family,2 Story,138.934,0.0271809,2018,10
North Chicago,10/16/2018,1240,1318,33,Masonry,Shingle + Asphalt,7,3,Slab,Unfinished,Warm Air Furnace,Central A/C,1,None,3,1,Stock Plan,,1.5,Masonry,2.532,Single-Family,3 Story +,83.806,0.030257117,2018,10
North Chicago,10/18/2018,3160,3125,14,Masonry,Shingle + Asphalt,10,5,Full,Formal Rec Room,Warm Air Furnace,Central A/C,4,None,5,2,Stock Plan,No,2,Masonry,3.376,Single-Family,3 Story +,119.432,0.071740129,2018,10
North Chicago,10/19/2018,856.1,1101,55,Masonry,Shingle + Asphalt,6,3,Crawl,Unfinished,Warm Air Furnace,Central A/C,2,None,2,1,Stock Plan,No,0,,1.566,Single-Family,3 Story +,142.583,0.025275482,2018,10
North Chicago,10/19/2018,1450,1572,17,Masonry,Tar + Gravel,8,3,Slab,Unfinished,Warm Air Furnace,Central A/C,1,None,3,1,Stock Plan,No,2.5,Masonry,4.008,Single-Family,3 Story +,158.375,0.036088154,2018,10
North Chicago,10/22/2018,1200,1169,17,Masonry,Tar + Gravel,7,3,Slab,Unfinished,Warm Air Furnace,Central A/C,1,None,3,1,Stock Plan,No,2,Masonry,2.953,Single-Family,3 Story +,158.375,0.026836547,2018,10
North Chicago,10/24/2018,995,1214,33,Masonry,Shingle + Asphalt,6,3,Slab,Unfinished,Warm Air Furnace,Central A/C,1,None,3,1,Stock Plan,,1.5,Masonry,2.349,Single-Family,3 Story +,83.806,0.027869605,2018,10
North Chicago,10/25/2018,656,1323,33,Masonry,Tar + Gravel,6,3,Full,Formal Rec Room,Warm Air Furnace,Central A/C,1,None,3,0,Stock Plan,No,1,Masonry,1.456,Single-Family,2 Story,132.222,0.030371901,2018,10
North Chicago,10/26/2018,4618.688,5736,24,Masonry,Tar + Gravel,10,5,Full,Unfinished,Warm Air Furnace,Central A/C,1,None,4,1,Stock Plan,Yes,4,Masonry,6.897,Single-Family,2 Story,112.788,0.131680441,2018,10
North Chicago,10/30/2018,882,1272,48,Masonry,Tar + Gravel,6,3,Full,Formal Rec Room,Warm Air Furnace,Central A/C,0,None,2,1,Stock Plan,No,0,,1.254,Single-Family,2 Story,112.788,0.029201102,2018,10
North Chicago,11/2/2018,439,756,49,Frame + Masonry,Tar + Gravel,5,2,Partial,Formal Rec Room,Warm Air Furnace,Central A/C,1,None,1,1,Stock Plan,No,0,,0.859,Single-Family,2 Story,142.583,0.017355372,2018,11
North Chicago,11/6/2018,2615,3100,18,Masonry,Shingle + Asphalt,10,6,Full,Formal Rec Room,Warm Air Furnace,Central A/C,1,None,4,1,Stock Plan,No,2,Masonry,3.738,Single-Family,3 Story +,138.934,0.071166208,2018,11
North Chicago,11/7/2018,2459.579,2500,3,Masonry,Tar + Gravel,11,5,Full,Formal Rec Room,Warm Air Furnace,Central A/C,0,None,4,2,Stock Plan,No,2,Masonry,3.22,Single-Family,3 Story +,148.616,0.057392103,2018,11
North Chicago,11/15/2018,1050,900,24,Masonry,Tar + Gravel,6,3,Slab,Unfinished,Warm Air Furnace,Central A/C,0,None,3,0,Stock Plan,,1.5,Masonry,1.965,Single-Family,3 Story +,121.318,0.020661157,2018,11
North Chicago,11/19/2018,870,1183,51,Masonry,Tar + Gravel,7,4,Partial,Unfinished,Warm Air Furnace,No Central A/C,0,None,2,0,Stock Plan,,0,,1.518,Single-Family,2 Story,112.788,0.027157943,2018,11
North Chicago,11/19/2018,5500,1398,13,Masonry,Tar + Gravel,10,5,Slab,Unfinished,Warm Air Furnace,Central A/C,1,None,6,0,Stock Plan,No,2,Masonry,5.683,Single-Family,3 Story +,77.267,0.032093664,2018,11
North Chicago,11/23/2018,1605,3111,3,Masonry,Tar + Gravel,9,5,Full,Formal Rec Room,Warm Air Furnace,Central A/C,2,None,3,1,Stock Plan,No,2,Masonry,4.392,Single-Family,3 Story +,142.583,0.071418733,2018,11
North Chicago,11/26/2018,726,1166,47,Masonry,Tar + Gravel,7,4,Slab,Unfinished,Warm Air Furnace,Central A/C,1,None,2,0,Stock Plan,,0,,1.602,Single-Family,2 Story,142.583,0.026767677,2018,11
North Chicago,11/27/2018,650,3940,23,Masonry,Shingle + Asphalt,6,2,Full,Formal Rec Room,Warm Air Furnace,Central A/C,1,None,2,1,Stock Plan,Yes,2,Frame,1.824,Single-Family,2 Story,36.927,0.090449954,2018,11
North Chicago,11/30/2018,815,1354,21,Masonry,Shingle + Asphalt,5,2,Full,Unfinished,Warm Air Furnace,Central A/C,1,None,2,0,Stock Plan,No,1,Masonry,1.44,Single-Family,2 Story,122.479,0.031083563,2018,11
North Chicago,1/4/2019,773.5,1068,26,Masonry,Shingle + Asphalt,6,3,Slab,Unfinished,Warm Air Furnace,Central A/C,0,None,3,0,Stock Plan,Yes,1,Masonry,1.869,Single-Family,3 Story +,122.479,0.024517906,2019,1
North Chicago,1/7/2019,510,1138,45,Frame + Masonry,Tar + Gravel,6,3,Full,Formal Rec Room,Warm Air Furnace,Central A/C,1,None,2,0,Stock Plan,,0,,1.6,Single-Family,2 Story,109.191,0.026124885,2019,1
North Chicago,1/16/2019,1384.5,1598,17,Masonry,Tar + Gravel,7,3,Slab,Unfinished,Warm Air Furnace,Central A/C,1,None,3,1,Stock Plan,No,2,Masonry,2.953,Single-Family,3 Story +,158.375,0.036685032,2019,1
North Chicago,1/18/2019,825,1038,23,Masonry,Tar + Gravel,8,4,Slab,Unfinished,Warm Air Furnace,Central A/C,1,None,2,2,Stock Plan,No,2,Masonry,2.641,Single-Family,3 Story +,36.927,0.023829201,2019,1
North Chicago,1/28/2019,1860,3100,25,Masonry,Shingle + Asphalt,10,4,Full,Formal Rec Room,Warm Air Furnace,Central A/C,3,None,4,1,Stock Plan,No,2,Masonry,4.353,Single-Family,3 Story +,138.934,0.071166208,2019,1
North Chicago,2/4/2019,4120,6250,31,Masonry,Tar + Gravel,15,4,Full,Formal Rec Room,Warm Air Furnace,Central A/C,3,None,4,1,Stock Plan,No,3.5,Masonry,6.339,Single-Family,3 Story +,132.222,0.143480257,2019,2
North Chicago,2/5/2019,620,1057,24,Masonry,Tar + Gravel,6,3,Slab,Unfinished,Warm Air Furnace,Central A/C,0,None,3,0,Stock Plan,,1.5,Masonry,1.965,Single-Family,3 Story +,121.318,0.024265381,2019,2
North Chicago,2/8/2019,2250,2976,9,Masonry,Shingle + Asphalt,10,5,Full,Formal Rec Room,Warm Air Furnace,Central A/C,0,None,3,0,Stock Plan,No,2,Masonry,3.076,Single-Family,2 Story,132.222,0.068319559,2019,2
North Chicago,2/11/2019,575,683,23,Masonry,Tar + Gravel,7,3,Slab,Unfinished,Warm Air Furnace,Central A/C,1,None,1,1,Stock Plan,No,1,Masonry,1.826,Single-Family,3 Story +,36.927,0.015679522,2019,2
North Chicago,2/11/2019,700,1323,33,Masonry,Tar + Gravel,6,3,Full,Formal Rec Room,Warm Air Furnace,Central A/C,1,None,3,0,Stock Plan,No,1,Masonry,1.644,Single-Family,2 Story,132.222,0.030371901,2019,2
North Chicago,2/21/2019,1765,3125,32,Masonry,Tar + Gravel,10,6,Full,Formal Rec Room,Warm Air Furnace,Central A/C,0,None,3,1,Stock Plan,No,2,Masonry,3.795,Single-Family,3 Story +,119.432,0.071740129,2019,2
North Chicago,2/22/2019,390,779,48,Masonry,Tar + Gravel,5,2,Crawl,Unfinished,Warm Air Furnace,Central A/C,0,None,1,0,Stock Plan,No,0,,1.092,Single-Family,2 Story,112.788,0.017883379,2019,2
North Chicago,2/22/2019,675,1054,47,Masonry,Tar + Gravel,7,4,Slab,Unfinished,Warm Air Furnace,Central A/C,1,None,2,0,Stock Plan,No,0,,1.568,Single-Family,2 Story,142.583,0.024196511,2019,2
North Chicago,2/25/2019,1450,1507,6,Masonry,Tar + Gravel,7,3,Full,Formal Rec Room,Warm Air Furnace,Central A/C,0,None,2,1,Stock Plan,No,2,Masonry,1.861,Single-Family,3 Story +,148.616,0.03459596,2019,2
North Chicago,2/27/2019,1725,2447,15,Masonry,Tar + Gravel,10,5,Full,Unfinished,Warm Air Furnace,Central A/C,2,None,5,0,Stock Plan,No,2,Masonry,6.239,Single-Family,3 Story +,128.243,0.05617539,2019,2
North Chicago,2/28/2019,450,745,47,Masonry,Tar + Gravel,3,1,Full,Unfinished,Warm Air Furnace,Central A/C,1,Full,1,1,Stock Plan,No,0,,1.064,Single-Family,2 Story,162.054,0.017102847,2019,2
North Chicago,3/5/2019,945,1227,51,Masonry,Tar + Gravel,6,3,Partial,Unfinished,Warm Air Furnace,No Central A/C,0,None,2,0,Stock Plan,,0,,1.518,Single-Family,2 Story,112.788,0.028168044,2019,3
North Chicago,3/6/2019,1200,1516,17,Masonry,Tar + Gravel,7,3,Slab,Unfinished,Warm Air Furnace,Central A/C,1,None,3,1,Stock Plan,No,2,Masonry,2.953,Single-Family,3 Story +,158.375,0.034802571,2019,3
North Chicago,3/8/2019,1621.5,1755,3,Frame,Shingle + Asphalt,9,4,Full,Formal Rec Room,Warm Air Furnace,Central A/C,0,None,3,0,Stock Plan,No,2,Masonry,2.102,Single-Family,3 Story +,148.616,0.040289256,2019,3
North Chicago,3/11/2019,661,610,27,Masonry,Tar + Gravel,4,2,Slab,Unfinished,Warm Air Furnace,Central A/C,1,None,2,0,Stock Plan,,2,Masonry,1.496,Single-Family,3 Story +,148.616,0.014003673,2019,3
North Chicago,3/11/2019,2150,2962,18,Masonry,Tar + Gravel,12,5,Full,Formal Rec Room,Warm Air Furnace,Central A/C,2,None,3,3,Stock Plan,No,2.5,Masonry,4.905,Single-Family,3 Story +,138.934,0.067998163,2019,3
North Chicago,3/14/2019,490,1305,48,Masonry,Tar + Gravel,6,3,Full,Formal Rec Room,Warm Air Furnace,Central A/C,1,None,2,1,Stock Plan,No,0,,1.254,Single-Family,2 Story,112.788,0.029958678,2019,3
North Chicago,3/19/2019,1400,2725,21,Frame + Masonry,Shingle + Asphalt,8,4,Full,Unfinished,Warm Air Furnace,Central A/C,1,None,2,1,Stock Plan,No,2,Frame,2.202,Single-Family,2 Story,94.598,0.062557392,2019,3
North Chicago,3/26/2019,1480,2856,3,Masonry,Tar + Gravel,9,4,Full,Formal Rec Room,Warm Air Furnace,Central A/C,2,None,3,1,Stock Plan,No,2,Masonry,4.552,Single-Family,3 Story +,142.583,0.065564738,2019,3
North Chicago,4/5/2019,2300,2976,17,Masonry,Tar + Gravel,8,4,Full,Formal Rec Room,Warm Air Furnace,Central A/C,1,None,3,1,Stock Plan,No,2.5,Masonry,3.569,Single-Family,3 Story +,132.222,0.068319559,2019,4
North Chicago,4/8/2019,361.2,626,48,Masonry,Tar + Gravel,5,2,Crawl,Unfinished,Warm Air Furnace,Central A/C,0,None,1,0,Stock Plan,No,0,,1.092,Single-Family,2 Story,109.191,0.014370983,2019,4
North Chicago,4/9/2019,1000,1259,24,Masonry,Tar + Gravel,7,3,Slab,Unfinished,Warm Air Furnace,Central A/C,0,None,3,1,Stock Plan,,2,Masonry,2.799,Single-Family,3 Story +,121.318,0.028902663,2019,4
North Chicago,4/10/2019,875,1185,21,Masonry,Shingle + Asphalt,7,3,Slab,Unfinished,Warm Air Furnace,Central A/C,1,None,2,2,Stock Plan,No,2,Masonry,2.113,Single-Family,3 Story +,122.479,0.027203857,2019,4
North Chicago,4/12/2019,3000,3000,17,Masonry,Shingle + Asphalt,10,4,Full,Unfinished,Warm Air Furnace,Central A/C,2,None,3,1,Stock Plan,No,2,Masonry,4.131,Single-Family,3 Story +,109.191,0.068870523,2019,4
North Chicago,4/15/2019,2302,3000,34,Masonry,Tar + Gravel,13,5,Full,Formal Rec Room,Warm Air Furnace,Central A/C,1,None,3,2,Stock Plan,No,2,Masonry,4.082,Single-Family,3 Story +,141.806,0.068870523,2019,4
North Chicago,5/1/2019,478,692,48,Masonry,Tar + Gravel,5,2,Slab,Unfinished,Warm Air Furnace,Central A/C,1,None,1,1,Stock Plan,No,0,,1.386,Single-Family,2 Story,142.583,0.015886134,2019,5
North Chicago,5/1/2019,730,1060,42,Masonry,Shingle + Asphalt,8,4,Slab,Unfinished,Warm Air Furnace,Central A/C,1,None,2,1,Stock Plan,,1,Masonry,2.624,Single-Family,3 Story +,83.806,0.024334252,2019,5
North Chicago,5/1/2019,850,1277,33,Masonry,Shingle + Asphalt,7,3,Slab,Unfinished,Warm Air Furnace,Central A/C,1,None,3,1,Stock Plan,,1.5,Masonry,2.532,Single-Family,3 Story +,83.806,0.029315886,2019,5
North Chicago,5/2/2019,3690.014,3000,3,Masonry,Tar + Gravel,10,6,Full,Formal Rec Room,Warm Air Furnace,Central A/C,3,None,5,1,Stock Plan,No,2.5,Masonry,3.382,Single-Family,3 Story +,148.616,0.068870523,2019,5
North Chicago,5/3/2019,470,910,50,Masonry,Shingle + Asphalt,6,3,Full,Formal Rec Room,Warm Air Furnace,Central A/C,1,None,1,1,Stock Plan,No,0,,0.826,Single-Family,2 Story,142.583,0.020890725,2019,5
North Chicago,5/3/2019,1020,1078,42,Masonry,Shingle + Asphalt,8,4,Slab,Unfinished,Warm Air Furnace,Central A/C,1,None,2,1,Stock Plan,,1,Masonry,2.624,Single-Family,3 Story +,83.806,0.024747475,2019,5
North Chicago,5/3/2019,2125,3125,15,Masonry,Tar + Gravel,8,4,Full,Unfinished,Warm Air Furnace,Central A/C,2,None,4,0,Stock Plan,No,2,Masonry,3.684,Single-Family,3 Story +,132.222,0.071740129,2019,5
North Chicago,5/6/2019,1517.5,1323,33,Masonry,Shingle + Asphalt,9,4,Slab,Unfinished,Warm Air Furnace,Central A/C,1,None,3,1,Stock Plan,,1.5,Masonry,3.486,Single-Family,2 Story,83.806,0.030371901,2019,5
North Chicago,5/7/2019,1530,1271,24,Masonry,Tar + Gravel,7,3,Slab,Unfinished,Warm Air Furnace,Central A/C,0,None,3,1,Stock Plan,,2,Masonry,2.799,Single-Family,3 Story +,121.318,0.029178145,2019,5
North Chicago,5/8/2019,3450,3125,3,Masonry,Tar + Gravel,11,6,Full,Formal Rec Room,Warm Air Furnace,Central A/C,4,None,5,2,Stock Plan,No,2.5,Masonry,3.96,Single-Family,3 Story +,148.616,0.071740129,2019,5
North Chicago,5/13/2019,950,2550,28,Masonry,Shingle + Asphalt,9,4,Full,Unfinished,Warm Air Furnace,Central A/C,0,None,2,1,Stock Plan,No,2,Masonry,3.655,Single-Family,3 Story +,122.479,0.058539945,2019,5
North Chicago,5/23/2019,874,1195,21,Masonry,Shingle + Asphalt,7,3,Slab,Unfinished,Warm Air Furnace,Central A/C,1,None,2,2,Stock Plan,No,2,Masonry,2.113,Single-Family,3 Story +,122.479,0.027433425,2019,5
North Chicago,6/3/2019,2200,3125,21,Masonry,Tar + Gravel,10,5,Full,Unfinished,Warm Air Furnace,Central A/C,1,None,3,1,Stock Plan,No,2,Masonry,3.887,Single-Family,3 Story +,119.432,0.071740129,2019,6
North Chicago,6/6/2019,725,1193,48,Masonry,Tar + Gravel,6,3,Full,Formal Rec Room,Warm Air Furnace,Central A/C,0,None,2,1,Stock Plan,No,0,,1.254,Single-Family,2 Story,112.788,0.027387511,2019,6
North Chicago,6/11/2019,582.8,1107,18,Masonry,Tar + Gravel,5,2,Slab,Unfinished,Warm Air Furnace,Central A/C,0,None,1,1,Stock Plan,No,0,,1.366,Single-Family,3 Story +,142.583,0.025413223,2019,6
North Chicago,6/11/2019,620,1276,56,Frame + Masonry,Shingle + Asphalt,6,3,Slab,Unfinished,Warm Air Furnace,Central A/C,1,None,1,1,Stock Plan,No,0,,1.422,Single-Family,2 Story,93.529,0.029292929,2019,6
North Chicago,6/11/2019,2325,3200,15,Masonry,Tar + Gravel,9,5,Full,Formal Rec Room,Warm Air Furnace,Central A/C,1,None,4,1,Stock Plan,No,2,Masonry,3.854,Single-Family,3 Story +,132.222,0.073461892,2019,6
North Chicago,6/13/2019,410,692,50,Masonry,Tar + Gravel,5,2,Slab,Unfinished,Warm Air Furnace,No Central A/C,1,None,1,1,Stock Plan,,0,,1.386,Single-Family,2 Story,142.583,0.015886134,2019,6
North Chicago,6/13/2019,2300,2856,18,Masonry,Other,9,6,Full,Formal Rec Room,Warm Air Furnace,Central A/C,3,None,4,2,Stock Plan,No,2,Masonry,4.4,Single-Family,3 Story +,142.583,0.065564738,2019,6
North Chicago,6/17/2019,601,910,45,Frame + Masonry,Tar + Gravel,6,3,Full,Formal Rec Room,Warm Air Furnace,Central A/C,1,None,2,0,Stock Plan,,0,,1.346,Single-Family,2 Story,109.191,0.020890725,2019,6
North Chicago,6/18/2019,887,1569,21,Masonry,Shingle + Asphalt,5,2,Full,Unfinished,Warm Air Furnace,Central A/C,1,None,2,0,Stock Plan,No,1,Masonry,1.44,Single-Family,2 Story,122.479,0.036019284,2019,6
North Chicago,6/18/2019,2500,2952,17,Masonry,Shingle + Asphalt,8,3,Full,Formal Rec Room,Warm Air Furnace,Central A/C,2,None,3,1,Stock Plan,No,2,Masonry,4.2,Single-Family,3 Story +,142.583,0.067768595,2019,6
North Chicago,6/20/2019,1208.225,3161,31,Masonry,Tar + Gravel,9,4,Full,Formal Rec Room,Warm Air Furnace,Central A/C,3,Partial,3,1,Stock Plan,Yes,2,Masonry,4.161,Single-Family,3 Story +,132.222,0.072566575,2019,6
North Chicago,6/20/2019,3200,3127,6,Masonry,Tar + Gravel,8,4,Full,Formal Rec Room,Warm Air Furnace,Central A/C,1,None,5,1,Stock Plan,No,2,Masonry,3.968,Single-Family,3 Story +,119.432,0.071786042,2019,6
North Chicago,6/26/2019,940,1318,21,Masonry,Shingle + Asphalt,6,2,Full,Unfinished,Warm Air Furnace,Central A/C,1,None,2,0,Stock Plan,No,1,Masonry,1.57,Single-Family,2 Story,122.479,0.030257117,2019,6
North Chicago,6/28/2019,1025,1575,33,Masonry,Tar + Gravel,7,4,Slab,Unfinished,Warm Air Furnace,Central A/C,1,None,3,1,Stock Plan,No,2.5,Masonry,2.4,Single-Family,2 Story,122.479,0.036157025,2019,6
North Chicago,7/1/2019,2737.5,2550,9,Masonry,Shingle + Asphalt,9,4,Partial,Formal Rec Room,Warm Air Furnace,Central A/C,2,None,4,2,Stock Plan,No,2,Masonry,4.217,Single-Family,3 Story +,122.479,0.058539945,2019,7
North Chicago,7/1/2019,3100,3100,18,Masonry,Tar + Gravel,12,5,Full,Formal Rec Room,Warm Air Furnace,Central A/C,4,None,4,1,Stock Plan,No,2.5,Masonry,3.487,Single-Family,3 Story +,138.934,0.071166208,2019,7
North Chicago,7/3/2019,620,610,27,Masonry,Tar + Gravel,4,2,Slab,Unfinished,Warm Air Furnace,Central A/C,1,None,2,0,Stock Plan,,2,Masonry,1.496,Single-Family,3 Story +,148.616,0.014003673,2019,7
North Chicago,7/5/2019,442,692,49,Frame + Masonry,Shingle + Asphalt,5,2,Partial,Formal Rec Room,Warm Air Furnace,Central A/C,1,None,1,1,Stock Plan,No,0,,0.915,Single-Family,2 Story,142.583,0.015886134,2019,7
North Chicago,7/8/2019,2350,3300,21,Masonry,Shingle + Asphalt,10,6,Full,Formal Rec Room,Warm Air Furnace,Central A/C,2,None,3,1,Stock Plan,No,2,Masonry,4.584,Single-Family,3 Story +,141.806,0.075757576,2019,7
North Chicago,7/9/2019,500,799,33,Frame + Masonry,Tar + Gravel,4,1,Slab,Unfinished,Warm Air Furnace,Central A/C,1,None,2,0,Stock Plan,,1,Masonry,1.28,Single-Family,3 Story +,148.616,0.018342516,2019,7
North Chicago,7/10/2019,4250,4650,9,Masonry,Tar + Gravel,14,5,Full,Formal Rec Room,Warm Air Furnace,Central A/C,1,None,5,1,Stock Plan,Yes,3,Masonry,4.637,Single-Family,3 Story +,138.934,0.106749311,2019,7
North Chicago,7/15/2019,2337.5,3125,15,Masonry,Tar + Gravel,8,4,Full,Unfinished,Warm Air Furnace,Central A/C,1,None,4,0,Stock Plan,No,2,Masonry,3.729,Single-Family,2 Story,132.222,0.071740129,2019,7
North Chicago,7/17/2019,1800,3000,12,Masonry,Tar + Gravel,8,4,Full,Formal Rec Room,Warm Air Furnace,Central A/C,1,None,3,1,Stock Plan,No,2,Masonry,3.062,Single-Family,3 Story +,148.616,0.068870523,2019,7
North Chicago,7/19/2019,490,1167,21,Masonry,Shingle + Asphalt,5,2,Slab,Unfinished,Warm Air Furnace,Central A/C,1,None,2,0,Stock Plan,No,1,Masonry,1.422,Single-Family,3 Story +,99.44,0.026790634,2019,7
North Chicago,7/23/2019,851,1754,33,Masonry,Tar + Gravel,6,3,Full,Formal Rec Room,Warm Air Furnace,Central A/C,1,None,3,0,Stock Plan,No,1,Masonry,1.644,Single-Family,2 Story,132.222,0.040266299,2019,7
North Chicago,7/23/2019,1180,2928,33,Masonry,Shingle + Asphalt,8,4,Full,Formal Rec Room,Warm Air Furnace,Central A/C,1,None,3,1,Stock Plan,Yes,2,Masonry,3.59,Single-Family,3 Story +,36.927,0.067217631,2019,7
North Chicago,7/23/2019,2675,2976,15,Masonry,Tar + Gravel,9,5,Full,Formal Rec Room,Warm Air Furnace,Central A/C,2,None,4,2,Stock Plan,No,3,Masonry,3.855,Single-Family,3 Story +,132.222,0.068319559,2019,7
North Chicago,7/23/2019,4666.369,3425,3,Masonry,Tar + Gravel,11,7,Full,Formal Rec Room,Warm Air Furnace,Central A/C,3,None,7,2,Stock Plan,No,2,Masonry,4.41,Single-Family,3 Story +,112.788,0.078627181,2019,7
North Chicago,7/25/2019,780,1068,26,Masonry,Shingle + Asphalt,6,3,Slab,Unfinished,Warm Air Furnace,Central A/C,0,None,3,0,Stock Plan,,2,Masonry,1.869,Single-Family,3 Story +,122.479,0.024517906,2019,7
North Chicago,8/2/2019,2350,3000,17,Masonry,Other,8,5,Full,Formal Rec Room,Warm Air Furnace,Central A/C,3,None,4,1,Stock Plan,No,2,Masonry,3.876,Single-Family,3 Story +,141.806,0.068870523,2019,8
North Chicago,8/5/2019,555,1279,52,Masonry,Tar + Gravel,4,2,Full,Formal Rec Room,Warm Air Furnace,Central A/C,1,None,1,1,Stock Plan,,0,,1.072,Single-Family,2 Story,112.788,0.0293618,2019,8
North Chicago,8/5/2019,650,896,17,Masonry,Tar + Gravel,7,3,Slab,Unfinished,Warm Air Furnace,Central A/C,1,None,2,1,Stock Plan,No,2,Masonry,2.067,Single-Family,3 Story +,122.479,0.02056933,2019,8
North Chicago,8/7/2019,363,718,48,Masonry,Tar + Gravel,4,2,Crawl,Unfinished,Warm Air Furnace,Central A/C,0,None,1,0,Stock Plan,No,0,,0.864,Single-Family,2 Story,109.191,0.016483012,2019,8
North Chicago,8/12/2019,955,3672,24,Frame + Masonry,Shingle + Asphalt,6,3,Full,Formal Rec Room,Warm Air Furnace,Central A/C,1,None,2,1,Stock Plan,No,2,Frame,2.126,Single-Family,2 Story,122.479,0.084297521,2019,8
North Chicago,8/13/2019,730,1304,43,Masonry,Tar + Gravel,5,2,Full,Unfinished,Warm Air Furnace,Central A/C,0,None,1,1,Stock Plan,No,1,Masonry,1.166,Single-Family,2 Story,141.806,0.029935721,2019,8
North Chicago,8/16/2019,720,940,15,Masonry,Tar + Gravel,7,3,Slab,Unfinished,Warm Air Furnace,Central A/C,1,None,2,1,Stock Plan,No,2,Masonry,1.692,Single-Family,3 Story +,99.44,0.021579431,2019,8
North Chicago,8/19/2019,600,683,23,Masonry,Tar + Gravel,7,3,Slab,Unfinished,Warm Air Furnace,Central A/C,1,None,1,1,Stock Plan,No,1,Masonry,1.826,Single-Family,3 Story +,36.927,0.015679522,2019,8
North Chicago,8/21/2019,950,1324,6,Masonry,Tar + Gravel,8,4,Slab,Unfinished,Warm Air Furnace,Central A/C,0,None,3,1,Stock Plan,No,2,Masonry,2.134,Single-Family,2 Story,58.542,0.030394858,2019,8
North Chicago,8/26/2019,650,948,15,Masonry,Tar + Gravel,7,3,Slab,Unfinished,Warm Air Furnace,Central A/C,1,None,2,1,Stock Plan,No,2,Masonry,1.692,Single-Family,3 Story +,99.44,0.021763085,2019,8
North Chicago,8/27/2019,690,755,15,Masonry,Tar + Gravel,7,3,Slab,Unfinished,Warm Air Furnace,Central A/C,1,None,2,1,Stock Plan,No,2,Masonry,1.692,Single-Family,3 Story +,99.44,0.017332415,2019,8
North Chicago,8/28/2019,770,1049,23,Masonry,Tar + Gravel,8,4,Slab,Unfinished,Warm Air Furnace,Central A/C,1,None,2,2,Stock Plan,No,2,Masonry,2.641,Single-Family,3 Story +,36.927,0.024081726,2019,8
North Chicago,8/30/2019,970,1321,21,Masonry,Shingle + Asphalt,6,2,Full,Unfinished,Warm Air Furnace,Central A/C,1,None,2,0,Stock Plan,No,1,Masonry,1.57,Single-Family,2 Story,122.479,0.030325987,2019,8
North Chicago,9/3/2019,634.5,791,15,Masonry,Tar + Gravel,7,3,Slab,Unfinished,Warm Air Furnace,Central A/C,1,None,2,1,Stock Plan,No,2,Masonry,1.456,Single-Family,3 Story +,99.44,0.018158861,2019,9
North Chicago,9/11/2019,715,891,15,Masonry,Tar + Gravel,7,3,Slab,Unfinished,Warm Air Furnace,Central A/C,1,None,2,1,Stock Plan,No,2,Masonry,1.692,Single-Family,3 Story +,99.44,0.020454545,2019,9
North Chicago,9/13/2019,530,808,25,Masonry,Shingle + Asphalt,6,3,Slab,Unfinished,Warm Air Furnace,Central A/C,1,Partial,3,0,Stock Plan,Yes,1,Masonry,1.951,Single-Family,3 Story +,132.222,0.018549128,2019,9
North Chicago,9/16/2019,654.9,1136,15,Masonry,Tar + Gravel,7,3,Slab,Unfinished,Warm Air Furnace,Central A/C,1,None,2,1,Stock Plan,No,2,Masonry,1.692,Single-Family,3 Story +,99.44,0.026078972,2019,9
North Chicago,9/16/2019,970,1180,17,Masonry,Tar + Gravel,7,3,Slab,Unfinished,Warm Air Furnace,Central A/C,1,None,3,1,Stock Plan,No,2,Masonry,2.953,Single-Family,3 Story +,158.375,0.027089073,2019,9
North Chicago,9/16/2019,1775,3000,18,Masonry,Tar + Gravel,10,4,Full,Formal Rec Room,Warm Air Furnace,Central A/C,0,None,4,1,Stock Plan,No,2,Masonry,3.951,Single-Family,3 Story +,148.616,0.068870523,2019,9
North Chicago,9/17/2019,1315.8,2500,24,Masonry,Shingle + Asphalt,7,3,Full,Formal Rec Room,Warm Air Furnace,Central A/C,2,Partial,3,1,Stock Plan,No,2.5,Masonry,3.448,Single-Family,3 Story +,148.616,0.057392103,2019,9
North Chicago,9/18/2019,745,1831,31,Masonry,Tar + Gravel,7,3,Slab,Unfinished,Warm Air Furnace,Central A/C,1,None,2,1,Stock Plan,,1,Masonry,1.616,Single-Family,3 Story +,148.616,0.042033976,2019,9
North Chicago,9/18/2019,970,3250,24,Frame,Shingle + Asphalt,6,3,Full,Formal Rec Room,Warm Air Furnace,Central A/C,1,None,2,1,Stock Plan,No,2,Frame,2.126,Single-Family,2 Story,122.479,0.074609734,2019,9
North Chicago,9/19/2019,3125,3000,6,Masonry,Tar + Gravel,12,5,Full,Formal Rec Room,Warm Air Furnace,Central A/C,0,None,4,1,Stock Plan,No,2,Masonry,3.622,Single-Family,3 Story +,148.616,0.068870523,2019,9
North Chicago,9/20/2019,676.5,1323,33,Masonry,Tar + Gravel,6,3,Full,Formal Rec Room,Warm Air Furnace,Central A/C,1,None,3,0,Stock Plan,No,1,Masonry,1.456,Single-Family,2 Story,132.222,0.030371901,2019,9
North Chicago,9/23/2019,1050,1362,33,Masonry,Shingle + Asphalt,8,4,Slab,Unfinished,Warm Air Furnace,Central A/C,0,None,3,2,Stock Plan,,1,Masonry,3.76,Single-Family,3 Story +,83.806,0.031267218,2019,9
North Chicago,9/24/2019,436.5,798,33,Frame + Masonry,Tar + Gravel,4,1,Slab,Unfinished,Warm Air Furnace,Central A/C,1,None,2,0,Stock Plan,,1,Masonry,1.28,Single-Family,3 Story +,148.616,0.018319559,2019,9
North Chicago,9/27/2019,1640,2728,28,Frame,Shingle + Asphalt,7,3,Full,Formal Rec Room,Warm Air Furnace,Central A/C,1,None,2,1,Stock Plan,,2,Frame,1.98,Single-Family,2 Story,141.806,0.062626263,2019,9
North Chicago,10/1/2019,346,799,48,Masonry,Tar + Gravel,4,2,Crawl,Unfinished,Warm Air Furnace,Central A/C,0,None,1,0,Stock Plan,No,0,,0.864,Single-Family,2 Story,112.788,0.018342516,2019,10
North Chicago,10/2/2019,970,1548,21,Masonry,Shingle + Asphalt,6,2,Full,Unfinished,Warm Air Furnace,Central A/C,1,None,2,0,Stock Plan,No,1,Masonry,1.57,Single-Family,2 Story,122.479,0.03553719,2019,10
North Chicago,10/3/2019,2700,2904,6,Masonry,Tar + Gravel,7,4,Full,Formal Rec Room,Warm Air Furnace,Central A/C,1,None,2,1,Stock Plan,No,2,Masonry,3.546,Single-Family,3 Story +,132.222,0.066666667,2019,10
North Chicago,10/7/2019,1145,3100,21,Frame + Masonry,Shingle + Asphalt,8,3,Full,Formal Rec Room,Warm Air Furnace,Central A/C,0,None,2,1,Stock Plan,No,2,Frame,2.126,Single-Family,2 Story,36.927,0.071166208,2019,10
North Chicago,10/7/2019,2050,2550,25,Frame,Shingle + Asphalt,8,4,Full,Unfinished,Warm Air Furnace,Central A/C,1,None,2,1,Stock Plan,,2,Frame,2.784,Single-Family,2 Story,122.479,0.058539945,2019,10
North Chicago,10/9/2019,600,671,23,Masonry,Tar + Gravel,7,3,Slab,Unfinished,Warm Air Furnace,Central A/C,1,None,1,1,Stock Plan,No,1,Masonry,1.826,Single-Family,3 Story +,36.927,0.01540404,2019,10
North Chicago,10/9/2019,750,738,49,Masonry,Tar + Gravel,7,4,Slab,Unfinished,Warm Air Furnace,Central A/C,0,None,1,1,Stock Plan,,1,Masonry,1.633,Single-Family,3 Story +,94.598,0.016942149,2019,10
North Chicago,10/10/2019,1265,1500,45,Masonry,Shingle + Asphalt,7,3,Slab,Unfinished,Warm Air Furnace,Central A/C,0,None,2,1,Stock Plan,Yes,0,,2.178,Single-Family,3 Story +,162.054,0.034435262,2019,10
North Chicago,10/10/2019,1300,1449,42,Masonry,Shingle + Asphalt,10,4,Slab,Unfinished,Warm Air Furnace,Central A/C,1,None,3,1,Stock Plan,,1,Masonry,3.824,Single-Family,3 Story +,83.806,0.033264463,2019,10
North Chicago,10/16/2019,3400,3100,3,Masonry,Tar + Gravel,8,4,Full,Formal Rec Room,Warm Air Furnace,Central A/C,4,None,3,1,Stock Plan,No,2,Masonry,2.986,Single-Family,3 Story +,138.934,0.071166208,2019,10
North Chicago,10/22/2019,721,2354,35,Masonry,Shingle + Asphalt,6,3,Slab,Unfinished,Warm Air Furnace,Central A/C,1,None,2,1,Architect,,1,Frame,1.484,Single-Family,2 Story,141.806,0.054040404,2019,10
North Chicago,10/24/2019,1950,2952,27,Stucco,Tar + Gravel,10,5,Full,Formal Rec Room,Warm Air Furnace,Central A/C,2,None,5,1,Stock Plan,No,2.5,Stucco,5.956,Single-Family,3 Story +,142.583,0.067768595,2019,10
North Chicago,10/24/2019,2400,1251,13,Masonry,Tar + Gravel,10,4,Slab,Unfinished,Warm Air Furnace,Central A/C,1,None,6,0,Stock Plan,No,2,Masonry,4.512,Single-Family,3 Story +,77.267,0.028719008,2019,10
North Chicago,10/28/2019,470,844,33,Frame + Masonry,Tar + Gravel,4,1,Slab,Unfinished,Warm Air Furnace,Central A/C,1,None,2,0,Stock Plan,,1,Masonry,1.28,Single-Family,3 Story +,148.616,0.019375574,2019,10
North Chicago,10/28/2019,600,1250,9,Frame + Masonry,Shingle + Asphalt,6,3,Partial,Formal Rec Room,Warm Air Furnace,Central A/C,0,Partial,2,1,Stock Plan,No,2,Masonry,1.958,Single-Family,3 Story +,148.616,0.028696051,2019,10
North Chicago,10/30/2019,2000,3275,15,Masonry,Tar + Gravel,10,5,Full,Formal Rec Room,Warm Air Furnace,Central A/C,2,None,4,1,Stock Plan,No,2,Masonry,4.71,Single-Family,3 Story +,141.806,0.075183655,2019,10
North Chicago,10/31/2019,2450,3125,18,Masonry,Tar + Gravel,10,5,Partial,Formal Rec Room,Warm Air Furnace,Central A/C,1,None,5,1,Stock Plan,No,2,Masonry,3.864,Single-Family,3 Story +,119.432,0.071740129,2019,10
North Chicago,11/12/2019,1100,1130,24,Masonry,Tar + Gravel,6,3,Slab,Unfinished,Warm Air Furnace,Central A/C,0,None,3,0,Stock Plan,,1.5,Masonry,1.965,Single-Family,3 Story +,121.318,0.02594123,2019,11
North Chicago,11/14/2019,1146,2550,25,Frame,Shingle + Asphalt,8,4,Full,Unfinished,Warm Air Furnace,Central A/C,1,None,2,1,Stock Plan,,2,Frame,2.784,Single-Family,2 Story,122.479,0.058539945,2019,11
North Chicago,11/21/2019,910,2500,21,Masonry,Other,8,2,Full,Formal Rec Room,Warm Air Furnace,Central A/C,0,None,4,2,Stock Plan,No,0,,2.945,Single-Family,3 Story +,58.542,0.057392103,2019,11
North Chicago,11/22/2019,905,3250,24,Masonry,Shingle + Asphalt,6,3,Full,Formal Rec Room,Warm Air Furnace,Central A/C,1,None,2,1,Stock Plan,No,2,Frame,2.126,Single-Family,2 Story,122.479,0.074609734,2019,11
North Chicago,11/25/2019,905,1040,42,Masonry,Shingle + Asphalt,8,4,Slab,Unfinished,Warm Air Furnace,Central A/C,1,None,2,1,Stock Plan,,1,Masonry,2.624,Single-Family,3 Story +,83.806,0.023875115,2019,11
North Chicago,12/2/2019,1350,3000,33,Masonry,Shingle + Asphalt,8,4,Full,Formal Rec Room,Warm Air Furnace,Central A/C,3,Full,3,1,Stock Plan,,2,Frame,3.379,Single-Family,2 Story,148.616,0.068870523,2019,12
North Chicago,12/3/2019,1150,1123,33,Masonry,Shingle + Asphalt,6,3,Slab,Unfinished,Warm Air Furnace,Central A/C,1,None,3,1,Stock Plan,,1.5,Masonry,2.349,Single-Family,3 Story +,83.806,0.025780533,2019,12
North Chicago,12/4/2019,1800,3050,50,Frame,Shingle + Asphalt,8,4,Crawl,Unfinished,Warm Air Furnace,Central A/C,0,None,3,1,Stock Plan,Yes,1.5,Frame,2.304,Single-Family,2 Story,162.054,0.070018365,2019,12
North Chicago,12/6/2019,2600,2976,9,Masonry,Tar + Gravel,8,4,Full,Formal Rec Room,Warm Air Furnace,Central A/C,0,None,4,1,Stock Plan,No,2,Masonry,3.724,Single-Family,3 Story +,132.222,0.068319559,2019,12
North Chicago,12/9/2019,700,2509,24,Frame,Shingle + Asphalt,10,3,Full,Formal Rec Room,Warm Air Furnace,Central A/C,2,None,3,1,Stock Plan,No,3,Masonry,2.52,Single-Family,2 Story,132.222,0.057598714,2019,12
North Chicago,12/18/2019,677.5,1054,47,Masonry,Tar + Gravel,5,2,Slab,Unfinished,Warm Air Furnace,Central A/C,1,Full,2,0,Stock Plan,No,0,,1.068,Single-Family,2 Story,142.583,0.024196511,2019,12
North Chicago,12/30/2019,3212.5,3125,3,Masonry,Tar + Gravel,12,6,Full,Formal Rec Room,Warm Air Furnace,Central A/C,4,None,4,2,Stock Plan,No,2,Masonry,3.914,Single-Family,3 Story +,132.222,0.071740129,2019,12
North Chicago,1/10/2020,473,1166,21,Masonry,Shingle + Asphalt,5,2,Slab,Unfinished,Warm Air Furnace,Central A/C,1,None,2,0,Stock Plan,No,1,Masonry,1.422,Single-Family,3 Story +,99.44,0.026767677,2020,1
North Chicago,1/10/2020,601,885,15,Masonry,Tar + Gravel,7,3,Slab,Unfinished,Warm Air Furnace,Central A/C,1,None,2,1,Stock Plan,No,2,Masonry,1.692,Single-Family,3 Story +,99.44,0.020316804,2020,1
North Chicago,1/10/2020,950,1087,42,Masonry,Shingle + Asphalt,8,4,Slab,Unfinished,Warm Air Furnace,Central A/C,1,None,2,1,Stock Plan,,1,Masonry,2.624,Single-Family,3 Story +,83.806,0.024954086,2020,1
North Chicago,1/10/2020,1240,1674,21,Masonry,Tar + Gravel,11,3,Full,Formal Rec Room,Warm Air Furnace,Central A/C,0,None,2,1,Stock Plan,No,2,Masonry,1.862,Single-Family,3 Story +,148.616,0.038429752,2020,1
North Chicago,1/10/2020,1625,3125,18,Masonry,Tar + Gravel,10,5,Partial,Formal Rec Room,Warm Air Furnace,Central A/C,2,None,4,1,Stock Plan,No,2,Masonry,3.36,Single-Family,3 Story +,119.432,0.071740129,2020,1
North Chicago,1/11/2020,750,1392,48,Masonry,Tar + Gravel,6,3,Full,Formal Rec Room,Warm Air Furnace,Central A/C,1,None,2,1,Stock Plan,No,0,,1.254,Single-Family,2 Story,112.788,0.031955923,2020,1
North Chicago,1/11/2020,825,2056,6,Masonry,Tar + Gravel,8,4,Slab,Unfinished,Warm Air Furnace,Central A/C,0,None,3,1,Stock Plan,No,2,Masonry,2.134,Single-Family,2 Story,58.542,0.047199265,2020,1
North Chicago,1/11/2020,1539,3000,30,Masonry,Shingle + Asphalt,8,4,Partial,Formal Rec Room,Warm Air Furnace,Central A/C,1,None,3,1,Architect,,2,Masonry,3.2,Single-Family,2 Story,148.616,0.068870523,2020,1
North Chicago,1/12/2020,555,930,21,Masonry,Tar + Gravel,6,2,Slab,Unfinished,Warm Air Furnace,Central A/C,1,None,2,1,Stock Plan,No,2,Masonry,1.52,Single-Family,3 Story +,148.616,0.021349862,2020,1
North Chicago,1/12/2020,1650,3120,33,Masonry,Shingle + Asphalt,5,3,Full,Formal Rec Room,Warm Air Furnace,Central A/C,2,None,3,1,Stock Plan,,2.5,Masonry,2.83,Single-Family,2 Story,141.806,0.071625344,2020,1
North Chicago,2/20/2020,422.5,1428,48,Masonry,Tar + Gravel,5,2,Crawl,Unfinished,Warm Air Furnace,Central A/C,0,None,1,0,Stock Plan,No,0,,1.092,Single-Family,2 Story,112.788,0.032782369,2020,2
North Chicago,2/20/2020,899.999,957,17,Masonry,Tar + Gravel,7,3,Slab,Unfinished,Warm Air Furnace,Central A/C,1,None,2,1,Stock Plan,No,2,Masonry,2.379,Single-Family,3 Story +,122.479,0.021969697,2020,2
North Chicago,2/20/2020,1025,2928,24,Masonry,Shingle + Asphalt,7,3,Full,Formal Rec Room,Warm Air Furnace,Central A/C,1,Partial,2,1,Stock Plan,No,2,Masonry,3.239,Single-Family,2 Story,36.927,0.067217631,2020,2
North Chicago,2/20/2020,1050,1414,42,Masonry,Shingle + Asphalt,8,4,Slab,Unfinished,Warm Air Furnace,Central A/C,1,None,3,1,Stock Plan,,1,Masonry,3.824,Single-Family,3 Story +,83.806,0.032460973,2020,2
North Chicago,2/20/2020,2650,3144,21,Masonry,Shingle + Asphalt,9,4,Full,Unfinished,Warm Air Furnace,Central A/C,2,None,4,1,Stock Plan,No,2,Masonry,5.225,Single-Family,3 Story +,141.806,0.072176309,2020,2
North Chicago,2/21/2020,1160,1582,24,Masonry,Tar + Gravel,7,3,Slab,Unfinished,Warm Air Furnace,Central A/C,0,None,3,1,Stock Plan,,2,Masonry,2.799,Single-Family,3 Story +,121.318,0.036317723,2020,2
North Chicago,2/21/2020,5450,2220,6,Masonry,Tar + Gravel,12,6,Full,Formal Rec Room,Warm Air Furnace,Central A/C,4,None,5,2,Stock Plan,No,2.5,Masonry,5.514,Single-Family,3 Story +,133.079,0.050964187,2020,2
North Chicago,2/22/2020,585,684,23,Masonry,Tar + Gravel,7,3,Slab,Unfinished,Warm Air Furnace,Central A/C,1,None,1,1,Stock Plan,No,1,Masonry,1.826,Single-Family,3 Story +,36.927,0.015702479,2020,2
North Chicago,2/22/2020,587,1207,54,Masonry,Shingle + Asphalt,6,3,Crawl,Unfinished,Warm Air Furnace,Central A/C,2,None,2,1,Stock Plan,No,0,,1.566,Single-Family,3 Story +,142.583,0.027708907,2020,2
North Chicago,2/22/2020,737.5,775,15,Masonry,Tar + Gravel,7,3,Slab,Unfinished,Warm Air Furnace,Central A/C,1,None,2,1,Stock Plan,No,2,Masonry,1.692,Single-Family,3 Story +,99.44,0.017791552,2020,2
North Chicago,3/9/2020,730,2349,35,Masonry,Shingle + Asphalt,6,3,Slab,Unfinished,Warm Air Furnace,Central A/C,1,None,2,1,Stock Plan,,1,Frame,1.484,Single-Family,2 Story,141.806,0.05392562,2020,3
North Chicago,3/13/2020,615,1156,31,Masonry,Tar + Gravel,7,3,Full,Formal Rec Room,Warm Air Furnace,Central A/C,0,None,1,1,Stock Plan,No,1,Frame,1.397,Single-Family,2 Story,148.616,0.026538108,2020,3
North Chicago,3/17/2020,593.5,682,23,Masonry,Tar + Gravel,7,3,Slab,Unfinished,Warm Air Furnace,Central A/C,1,None,1,1,Stock Plan,No,1,Masonry,1.826,Single-Family,3 Story +,36.927,0.015656566,2020,3
North Chicago,3/31/2020,1690,2400,26,Masonry,Tar + Gravel,8,4,Full,Formal Rec Room,Warm Air Furnace,Central A/C,1,None,3,1,Stock Plan,No,2,Masonry,3.09,Single-Family,3 Story +,148.616,0.055096419,2020,3
North Chicago,4/16/2020,435,756,49,Frame + Masonry,Shingle + Asphalt,5,2,Partial,Formal Rec Room,Warm Air Furnace,Central A/C,1,None,1,1,Stock Plan,No,0,,0.859,Single-Family,2 Story,142.583,0.017355372,2020,4
North Chicago,4/20/2020,430,764,49,Masonry,Tar + Gravel,4,2,Full,Formal Rec Room,Warm Air Furnace,Central A/C,1,None,1,1,Stock Plan,No,0,,0.735,Single-Family,2 Story,142.583,0.017539027,2020,4
North Chicago,4/21/2020,1500,1582,24,Masonry,Tar + Gravel,7,3,Slab,Unfinished,Warm Air Furnace,Central A/C,0,None,3,1,Stock Plan,,2,Masonry,2.799,Single-Family,3 Story +,121.318,0.036317723,2020,4
North Chicago,5/1/2020,800,1629,45,Frame + Masonry,Shingle + Asphalt,5,2,Slab,Unfinished,Warm Air Furnace,Central A/C,1,Partial,2,0,Stock Plan,No,1,Frame,1.188,Single-Family,2 Story,112.788,0.037396694,2020,5
North Chicago,5/4/2020,782,1323,33,Masonry,Tar + Gravel,6,3,Full,Formal Rec Room,Warm Air Furnace,Central A/C,1,None,3,0,Stock Plan,No,1,Masonry,1.644,Single-Family,2 Story,132.222,0.030371901,2020,5
North Chicago,5/6/2020,1150,3536,30,Frame,Shingle + Asphalt,6,3,Full,Unfinished,Warm Air Furnace,Central A/C,1,None,1,1,Stock Plan,No,0,,1.568,Single-Family,2 Story,132.222,0.08117539,2020,5
North Chicago,5/29/2020,900,1211,51,Masonry,Tar + Gravel,7,4,Partial,Unfinished,Warm Air Furnace,No Central A/C,0,None,2,0,Stock Plan,No,0,,1.518,Single-Family,2 Story,112.788,0.027800735,2020,5
North Chicago,6/4/2020,562.5,871,24,Masonry,Tar + Gravel,6,3,Slab,Unfinished,Warm Air Furnace,Central A/C,0,None,3,0,Stock Plan,,1.5,Masonry,1.965,Single-Family,3 Story +,121.318,0.019995409,2020,6
North Chicago,6/8/2020,1228.8,1214,33,Masonry,Shingle + Asphalt,6,3,Slab,Unfinished,Warm Air Furnace,Central A/C,1,None,2,1,Stock Plan,No,1.5,Masonry,2.349,Single-Family,3 Story +,83.806,0.027869605,2020,6
North Chicago,6/19/2020,360,1093,48,Masonry,Tar + Gravel,4,2,Crawl,Unfinished,Warm Air Furnace,Central A/C,0,None,1,0,Stock Plan,No,0,,0.864,Single-Family,2 Story,109.191,0.025091827,2020,6
North Chicago,6/19/2020,1800,4928,21,Masonry,Tar + Gravel,9,4,Full,Formal Rec Room,Warm Air Furnace,Central A/C,1,None,3,1,Stock Plan,No,2,Masonry,3.82,Single-Family,2 Story,132.222,0.113131313,2020,6
North Chicago,6/24/2020,857,1307,21,Masonry,Shingle + Asphalt,6,2,Full,Unfinished,Warm Air Furnace,Central A/C,1,None,2,0,Stock Plan,No,1,Masonry,1.583,Single-Family,2 Story,122.479,0.030004591,2020,6
North Chicago,6/25/2020,1500,4222,37,Masonry,Tar + Gravel,8,4,Full,Unfinished,Warm Air Furnace,Central A/C,1,None,3,1,Stock Plan,Yes,2,Masonry,2.998,Single-Family,2 Story,142.583,0.096923783,2020,6
North Chicago,6/26/2020,3190,3000,6,Masonry,Tar + Gravel,9,4,Full,Formal Rec Room,Warm Air Furnace,Central A/C,4,None,4,2,Stock Plan,No,2,Masonry,3.701,Single-Family,3 Story +,148.616,0.068870523,2020,6
North Chicago,7/1/2020,780,1278,6,Masonry,Tar + Gravel,8,4,Slab,Unfinished,Warm Air Furnace,Central A/C,0,None,3,1,Stock Plan,No,2,Masonry,2.134,Single-Family,2 Story,58.542,0.029338843,2020,7
North Chicago,7/7/2020,950,1287,33,Masonry,Shingle + Asphalt,7,3,Slab,Unfinished,Warm Air Furnace,Central A/C,0,None,2,1,Stock Plan,,2,Masonry,2.4,Single-Family,3 Story +,83.806,0.029545455,2020,7
North Chicago,7/9/2020,3415.428,3100,3,Masonry,Shingle + Asphalt,10,5,Full,Formal Rec Room,Warm Air Furnace,Central A/C,2,None,5,1,Stock Plan,No,2,Masonry,4.235,Single-Family,3 Story +,138.934,0.071166208,2020,7
North Chicago,7/13/2020,1090,2697,32,Masonry,Tar + Gravel,8,4,Slab,Unfinished,Warm Air Furnace,Central A/C,1,None,2,1,Stock Plan,No,2,Frame,3.028,Single-Family,3 Story +,148.616,0.061914601,2020,7
North Chicago,7/16/2020,6500,6601,6,Masonry,Other,7,4,Full,Formal Rec Room,Warm Air Furnace,Central A/C,2,None,4,1,Stock Plan,No,4,Masonry,5.838,Single-Family,2 Story,138.934,0.151538108,2020,7
North Chicago,7/17/2020,645,611,27,Masonry,Tar + Gravel,4,2,Slab,Unfinished,Warm Air Furnace,Central A/C,1,None,2,0,Stock Plan,,2,Masonry,1.496,Single-Family,3 Story +,148.616,0.01402663,2020,7
North Chicago,7/28/2020,1100,4500,41,Masonry,Tar + Gravel,8,4,Slab,Unfinished,Warm Air Furnace,Central A/C,1,None,2,1,Stock Plan,No,3,Frame,4.178,Single-Family,3 Story +,94.598,0.103305785,2020,7
North Chicago,8/3/2020,1412.5,1442,24,Masonry,Tar + Gravel,7,3,Slab,Unfinished,Warm Air Furnace,Central A/C,0,None,3,1,Stock Plan,,2,Masonry,2.799,Single-Family,3 Story +,121.318,0.033103765,2020,8
North Chicago,8/4/2020,529,993,52,Masonry,Tar + Gravel,5,2,Full,Formal Rec Room,Warm Air Furnace,Central A/C,1,None,2,1,Stock Plan,,0,,1.088,Single-Family,2 Story,112.788,0.022796143,2020,8
North Chicago,8/4/2020,930,3069,17,Frame,Shingle + Asphalt,8,4,Full,Unfinished,Warm Air Furnace,Central A/C,0,None,2,1,Stock Plan,No,2,Frame,2.07,Single-Family,2 Story,99.44,0.070454545,2020,8
North Chicago,8/4/2020,2390,1830,29,Masonry,Shingle + Asphalt,10,4,Slab,Unfinished,Warm Air Furnace,Central A/C,1,None,4,1,Stock Plan,No,2,Masonry,4.393,Single-Family,3 Story +,60.566,0.042011019,2020,8
North Chicago,8/5/2020,2100,3200,15,Masonry,Tar + Gravel,9,5,Full,Formal Rec Room,Warm Air Furnace,Central A/C,1,None,4,1,Stock Plan,No,2,Masonry,3.88,Single-Family,3 Story +,132.222,0.073461892,2020,8
North Chicago,8/6/2020,1100,3870,27,Masonry,Tar + Gravel,6,3,Crawl,Unfinished,Warm Air Furnace,Central A/C,1,None,2,1,Stock Plan,No,1,Frame,2.382,Single-Family,2 Story,132.222,0.088842975,2020,8
North Chicago,8/11/2020,484,924,47,Masonry,Tar + Gravel,3,1,Full,Unfinished,Warm Air Furnace,Central A/C,1,None,1,0,Stock Plan,,0,,0.936,Single-Family,2 Story,162.054,0.021212121,2020,8
North Chicago,8/14/2020,626,762,15,Masonry,Tar + Gravel,7,3,Slab,Unfinished,Warm Air Furnace,Central A/C,1,None,2,1,Stock Plan,No,2,Masonry,1.692,Single-Family,3 Story +,99.44,0.017493113,2020,8
North Chicago,8/14/2020,1200,3402,27,Masonry,Tar + Gravel,11,5,Partial,Formal Rec Room,Warm Air Furnace,Central A/C,0,None,4,1,Stock Plan,No,2,Masonry,5.019,Single-Family,3 Story +,141.806,0.078099174,2020,8
North Chicago,8/21/2020,1350,3100,32,Masonry,Shingle + Asphalt,8,3,Partial,Unfinished,Warm Air Furnace,Central A/C,1,None,3,0,Stock Plan,No,2,Masonry,3.018,Single-Family,2 Story,138.934,0.071166208,2020,8
North Chicago,8/27/2020,860,1318,22,Masonry,Shingle + Asphalt,6,2,Full,Formal Rec Room,Warm Air Furnace,Central A/C,1,None,2,2,Stock Plan,No,1,Masonry,1.583,Single-Family,2 Story,122.479,0.030257117,2020,8
North Chicago,8/28/2020,1125,590,42,Masonry,Shingle + Asphalt,8,4,Slab,Unfinished,Warm Air Furnace,Central A/C,1,None,3,1,Stock Plan,,1,Masonry,3.824,Single-Family,3 Story +,83.806,0.013544536,2020,8
North Chicago,8/31/2020,907.5,1321,21,Masonry,Shingle + Asphalt,6,2,Full,Unfinished,Warm Air Furnace,Central A/C,1,None,2,0,Stock Plan,No,1,Masonry,1.57,Single-Family,2 Story,122.479,0.030325987,2020,8
North Chicago,9/3/2020,453,812,49,Masonry,Shingle + Asphalt,5,2,Partial,Formal Rec Room,Warm Air Furnace,Central A/C,1,None,1,1,Stock Plan,No,0,,0.759,Single-Family,2 Story,142.583,0.018640955,2020,9
North Chicago,9/3/2020,2450,3200,12,Masonry,Tar + Gravel,12,6,Full,Formal Rec Room,Warm Air Furnace,Central A/C,4,None,7,3,Stock Plan,No,2.5,Masonry,3.983,Single-Family,3 Story +,132.222,0.073461892,2020,9
North Chicago,9/4/2020,610,1680,55,Masonry,Tar + Gravel,7,4,Full,Unfinished,Hot Water Steam,No Central A/C,1,None,2,1,Stock Plan,,0,,1.908,Single-Family,2 Story,83.806,0.038567493,2020,9
North Chicago,9/8/2020,1440,3250,9,Frame,Shingle + Asphalt,10,5,Full,Formal Rec Room,Warm Air Furnace,Central A/C,1,None,3,0,Stock Plan,No,2,Frame,2.732,Single-Family,2 Story,132.222,0.074609734,2020,9
North Chicago,9/9/2020,434.9,544,51,Masonry,Tar + Gravel,6,2,Full,Formal Rec Room,Warm Air Furnace,Central A/C,1,None,1,0,Stock Plan,No,0,,0.868,Single-Family,2 Story,162.054,0.012488522,2020,9
North Chicago,9/11/2020,1840,2500,3,Masonry,Tar + Gravel,11,5,Full,Formal Rec Room,Warm Air Furnace,Central A/C,0,None,4,2,Stock Plan,No,2,Masonry,3.22,Single-Family,3 Story +,148.616,0.057392103,2020,9
North Chicago,9/14/2020,1400,2020,31,Masonry,Shingle + Asphalt,7,2,Full,Formal Rec Room,Warm Air Furnace,Central A/C,2,None,4,1,Stock Plan,,2,Masonry,2.446,Single-Family,3 Story +,148.616,0.046372819,2020,9
North Chicago,9/16/2020,399.724,1291,48,Masonry,Tar + Gravel,5,2,Crawl,Unfinished,Warm Air Furnace,Central A/C,0,None,1,0,Stock Plan,No,0,,1.092,Single-Family,2 Story,112.788,0.029637282,2020,9
North Chicago,9/18/2020,1223,2744,31,Masonry,Tar + Gravel,8,4,Slab,Unfinished,Warm Air Furnace,Central A/C,2,None,3,1,Architect,,2,Frame,3.618,Single-Family,3 Story +,132.222,0.062993572,2020,9
North Chicago,9/21/2020,820,1066,23,Masonry,Tar + Gravel,8,4,Slab,Unfinished,Warm Air Furnace,Central A/C,1,None,2,2,Stock Plan,No,2,Frame,2.641,Single-Family,3 Story +,36.927,0.024471993,2020,9
North Chicago,9/23/2020,667.875,2008,35,Masonry,Shingle + Asphalt,6,3,Slab,Unfinished,Warm Air Furnace,Central A/C,1,None,2,1,Stock Plan,,1,Frame,1.484,Single-Family,2 Story,141.806,0.046097337,2020,9
North Chicago,9/25/2020,1700,2550,21,Masonry,Tar + Gravel,8,4,Partial,Formal Rec Room,Warm Air Furnace,Central A/C,1,None,2,1,Stock Plan,No,2,Masonry,2.89,Single-Family,3 Story +,122.479,0.058539945,2020,9
North Chicago,9/25/2020,2500,3125,17,Masonry,Shingle + Asphalt,9,4,Full,Formal Rec Room,Warm Air Furnace,Central A/C,3,None,5,1,Stock Plan,No,2,Masonry,3.798,Single-Family,3 Story +,119.432,0.071740129,2020,9
North Chicago,9/30/2020,1215,1482,24,Masonry,Tar + Gravel,7,3,Slab,Unfinished,Warm Air Furnace,Central A/C,1,None,2,1,Stock Plan,No,2,Masonry,2.799,Single-Family,3 Story +,121.318,0.034022039,2020,9
North Chicago,9/30/2020,1659,3401,45,Masonry,Tar + Gravel,10,4,Partial,Formal Rec Room,Warm Air Furnace,Central A/C,1,None,3,2,Architect,No,2,Masonry,4.709,Single-Family,2 Story,112.788,0.078076217,2020,9
North Chicago,10/8/2020,975,1470,21,Masonry,Shingle + Asphalt,7,3,Slab,Unfinished,Warm Air Furnace,Central A/C,1,None,2,2,Stock Plan,No,2,Masonry,2.113,Single-Family,3 Story +,122.479,0.033746556,2020,10
North Chicago,10/11/2020,1000,1120,33,Masonry,Tar + Gravel,7,3,Slab,Unfinished,Warm Air Furnace,Central A/C,1,Partial,2,1,Architect,,1,Frame + Masonry,2.503,Single-Family,3 Story +,60.566,0.025711662,2020,10
North Chicago,10/13/2020,1400,3000,30,Masonry,Shingle + Asphalt,10,5,Full,Formal Rec Room,Warm Air Furnace,Central A/C,4,None,4,0,Stock Plan,No,2,Masonry,3.62,Single-Family,3 Story +,148.616,0.068870523,2020,10
North Chicago,10/14/2020,905,1314,21,Masonry,Shingle + Asphalt,5,2,Full,Unfinished,Warm Air Furnace,Central A/C,1,None,2,0,Stock Plan,No,1,Masonry,1.44,Single-Family,2 Story,122.479,0.030165289,2020,10
North Chicago,10/18/2020,5900,3349,3,Masonry,Tar + Gravel,14,6,Full,Formal Rec Room,Warm Air Furnace,Central A/C,3,None,6,2,Stock Plan,No,0,,4.29,Single-Family,3 Story +,111.372,0.076882461,2020,10
North Chicago,10/19/2020,510,799,33,Frame + Masonry,Tar + Gravel,4,1,Slab,Unfinished,Warm Air Furnace,Central A/C,1,None,2,0,Stock Plan,,1,Masonry,1.28,Single-Family,3 Story +,148.616,0.018342516,2020,10
North Chicago,10/20/2020,800.05,1067,15,Masonry,Tar + Gravel,7,3,Slab,Unfinished,Warm Air Furnace,Central A/C,1,None,2,1,Stock Plan,No,2,Masonry,1.692,Single-Family,3 Story +,99.44,0.024494949,2020,10
North Chicago,10/21/2020,618,811,15,Masonry,Tar + Gravel,7,3,Slab,Unfinished,Warm Air Furnace,Central A/C,1,None,2,1,Stock Plan,No,1,Masonry,1.456,Single-Family,3 Story +,99.44,0.018617998,2020,10
North Chicago,10/21/2020,1725,1575,17,Masonry,Tar + Gravel,8,3,Slab,Unfinished,Warm Air Furnace,Central A/C,1,None,3,1,Stock Plan,No,2.5,Masonry,4.008,Single-Family,3 Story +,158.375,0.036157025,2020,10
North Chicago,10/21/2020,3675,4500,38,Stucco,Tar + Gravel,13,4,Full,Formal Rec Room,Warm Air Furnace,Central A/C,2,None,4,2,Stock Plan,No,3,Frame,3.952,Single-Family,3 Story +,94.598,0.103305785,2020,10
North Chicago,10/22/2020,400,798,33,Frame + Masonry,Tar + Gravel,4,1,Slab,Unfinished,Warm Air Furnace,Central A/C,1,None,2,0,Stock Plan,,1,Masonry,1.28,Single-Family,3 Story +,148.616,0.018319559,2020,10
North Chicago,10/22/2020,1100,1265,24,Masonry,Tar + Gravel,7,3,Slab,Unfinished,Warm Air Furnace,Central A/C,0,None,3,1,Stock Plan,,2,Masonry,2.799,Single-Family,3 Story +,121.318,0.029040404,2020,10
North Chicago,10/22/2020,2755,2290,6,Masonry,Tar + Gravel,9,4,Full,Formal Rec Room,Warm Air Furnace,Central A/C,2,None,3,1,Stock Plan,Yes,2.5,Masonry,4.089,Single-Family,3 Story +,141.806,0.052571166,2020,10
North Chicago,10/24/2020,990,3531,24,Masonry,Shingle + Asphalt,7,3,Full,Unfinished,Warm Air Furnace,Central A/C,1,None,2,1,Stock Plan,No,2,Frame,2.105,Single-Family,2 Story,122.479,0.081060606,2020,10
North Chicago,10/24/2020,1050,3672,24,Frame + Masonry,Shingle + Asphalt,8,4,Full,Formal Rec Room,Warm Air Furnace,Central A/C,0,None,2,1,Stock Plan,No,2,Frame,2.136,Single-Family,2 Story,122.479,0.084297521,2020,10
North Chicago,10/24/2020,2700,2880,21,Masonry,Shingle + Asphalt,9,5,Full,Formal Rec Room,Warm Air Furnace,Central A/C,2,None,4,1,Stock Plan,No,3,Masonry,4.23,Single-Family,3 Story +,162.054,0.066115702,2020,10
North Chicago,10/25/2020,731.5,1247,6,Masonry,Tar + Gravel,8,4,Slab,Unfinished,Warm Air Furnace,Central A/C,0,None,3,1,Stock Plan,No,2,Masonry,2.134,Single-Family,2 Story,58.542,0.028627181,2020,10
North Chicago,10/25/2020,900,1073,15,Masonry,Tar + Gravel,7,3,Slab,Unfinished,Warm Air Furnace,Central A/C,1,None,2,1,Stock Plan,No,2,Masonry,1.692,Single-Family,3 Story +,99.44,0.024632691,2020,10
North Chicago,10/25/2020,3100,3100,15,Masonry,Tar + Gravel,9,5,Full,Formal Rec Room,Warm Air Furnace,Central A/C,2,None,3,1,Stock Plan,No,2.5,Masonry,4.063,Single-Family,3 Story +,138.934,0.071166208,2020,10
North Chicago,10/27/2020,1020,1584,32,Frame,Shingle + Asphalt,12,6,Partial,Unfinished,Warm Air Furnace,Central A/C,2,None,2,1,Stock Plan,No,1,Frame,1.868,Single-Family,2 Story,148.616,0.036363636,2020,10
North Chicago,10/30/2020,1010,2928,21,Masonry,Tar + Gravel,10,4,Full,Formal Rec Room,Warm Air Furnace,Central A/C,3,None,3,1,Stock Plan,No,2,Masonry,3.478,Single-Family,3 Story +,36.927,0.067217631,2020,10
North Chicago,10/31/2020,370,959,48,Masonry,Tar + Gravel,4,2,Crawl,Unfinished,Warm Air Furnace,Central A/C,0,None,1,0,Stock Plan,No,0,,0.864,Single-Family,2 Story,112.788,0.022015611,2020,10
North Chicago,10/31/2020,1010,2825,24,Frame,Shingle + Asphalt,8,4,Full,Unfinished,Warm Air Furnace,Central A/C,1,None,2,1,Stock Plan,No,2,Frame,2.126,Single-Family,2 Story,122.479,0.064853076,2020,10
North Chicago,11/1/2020,855,3100,24,Frame,Shingle + Asphalt,7,3,Partial,Formal Rec Room,Warm Air Furnace,Central A/C,1,None,2,1,Stock Plan,,2,Frame,2.236,Single-Family,2 Story,36.927,0.071166208,2020,11
North Chicago,11/1/2020,999,2773,17,Masonry,Shingle + Asphalt,8,4,Full,Unfinished,Warm Air Furnace,Central A/C,0,None,2,1,Stock Plan,No,2,Frame,2.516,Single-Family,2 Story,122.479,0.06365932,2020,11
North Chicago,11/2/2020,4400,2600,6,Masonry,Tar + Gravel,9,5,Full,Formal Rec Room,Warm Air Furnace,Central A/C,1,None,5,2,Stock Plan,No,2,Masonry,4.384,Single-Family,2 Story,133.079,0.059687787,2020,11
North Chicago,11/5/2020,402.5,736,48,Masonry,Tar + Gravel,4,2,Crawl,Unfinished,Warm Air Furnace,Central A/C,1,None,1,0,Stock Plan,No,0,,0.864,Single-Family,2 Story,112.788,0.016896235,2020,11
North Chicago,11/5/2020,1745,2500,18,Masonry,Shingle + Asphalt,10,3,Full,Formal Rec Room,Warm Air Furnace,Central A/C,3,None,4,1,Stock Plan,Yes,2,Masonry,2.775,Single-Family,3 Story +,148.616,0.057392103,2020,11
North Chicago,11/7/2020,620,836,15,Masonry,Tar + Gravel,7,3,Slab,Unfinished,Warm Air Furnace,Central A/C,1,None,2,1,Stock Plan,No,2,Masonry,1.456,Single-Family,3 Story +,99.44,0.019191919,2020,11
North Chicago,11/8/2020,584,630,27,Masonry,Tar + Gravel,6,2,Slab,Unfinished,Warm Air Furnace,Central A/C,0,None,2,0,Stock Plan,No,1,Masonry,1.603,Single-Family,3 Story +,148.616,0.01446281,2020,11
North Chicago,11/8/2020,1362.5,1820,30,Masonry,Tar + Gravel,6,2,Partial,Unfinished,Warm Air Furnace,Central A/C,2,None,2,1,Stock Plan,Yes,1,Stucco,1.774,Single-Family,3 Story +,141.806,0.041781451,2020,11
North Chicago,11/8/2020,3000,3653,17,Masonry,Tar + Gravel,13,5,Full,Unfinished,Warm Air Furnace,Central A/C,2,Full,5,2,Stock Plan,No,3,Masonry,8.306,Single-Family,3 Story +,128.243,0.083861341,2020,11
North Chicago,11/9/2020,405,1109,48,Masonry,Tar + Gravel,4,2,Crawl,Unfinished,Warm Air Furnace,Central A/C,0,None,1,0,Stock Plan,No,0,,0.987,Single-Family,2 Story,112.788,0.025459137,2020,11
North Chicago,11/10/2020,1180,2711,33,Masonry,Tar + Gravel,8,4,Slab,Unfinished,Warm Air Furnace,Central A/C,2,None,2,1,Stock Plan,No,2,Frame,3.009,Single-Family,3 Story +,148.616,0.062235996,2020,11
North Chicago,11/11/2020,500,1292,48,Masonry,Tar + Gravel,4,2,Crawl,Unfinished,Warm Air Furnace,Central A/C,0,None,1,0,Stock Plan,No,0,,0.987,Single-Family,2 Story,109.191,0.029660239,2020,11
North Chicago,11/11/2020,1150,2500,27,Masonry,Shingle + Asphalt,7,3,Full,Unfinished,Warm Air Furnace,Central A/C,2,Partial,3,1,Stock Plan,Yes,2.5,Masonry,3.095,Single-Family,3 Story +,148.616,0.057392103,2020,11
North Chicago,11/12/2020,415,692,49,Masonry,Tar + Gravel,5,2,Slab,Unfinished,Warm Air Furnace,No Central A/C,1,None,1,1,Stock Plan,,0,,1.386,Single-Family,2 Story,142.583,0.015886134,2020,11
North Chicago,11/12/2020,2150,2676,15,Masonry,Tar + Gravel,11,5,Slab,Unfinished,Warm Air Furnace,Central A/C,1,None,4,1,Stock Plan,No,2,Masonry,6.404,Single-Family,3 Story +,128.243,0.061432507,2020,11
North Chicago,11/13/2020,2800,3653,15,Masonry,Tar + Gravel,9,5,Full,Unfinished,Warm Air Furnace,Central A/C,3,None,5,0,Stock Plan,No,3,Masonry,5.04,Single-Family,3 Story +,128.243,0.083861341,2020,11
North Chicago,11/15/2020,497,1157,21,Masonry,Shingle + Asphalt,5,2,Slab,Unfinished,Warm Air Furnace,Central A/C,1,None,2,0,Stock Plan,No,1,Masonry,1.422,Single-Family,3 Story +,99.44,0.026561065,2020,11
North Chicago,11/15/2020,2737.5,2928,9,Masonry,Shingle + Asphalt,8,4,Full,Formal Rec Room,Warm Air Furnace,Central A/C,1,None,2,2,Stock Plan,No,2,Masonry,4.483,Single-Family,3 Story +,162.054,0.067217631,2020,11
North Chicago,11/17/2020,1300,2550,30,Masonry,Shingle + Asphalt,8,4,Slab,Unfinished,Warm Air Furnace,Central A/C,0,None,2,1,Architect,,1.5,Masonry,2.524,Single-Family,2 Story,122.479,0.058539945,2020,11
North Chicago,11/17/2020,2075,3125,17,Masonry,Tar + Gravel,9,4,Full,Formal Rec Room,Warm Air Furnace,Central A/C,2,None,4,0,Stock Plan,No,0,,3.766,Single-Family,3 Story +,132.222,0.071740129,2020,11
North Chicago,11/18/2020,705,1167,26,Masonry,Shingle + Asphalt,6,3,Slab,Unfinished,Warm Air Furnace,Central A/C,0,None,3,0,Stock Plan,No,1,Masonry,1.869,Single-Family,3 Story +,122.479,0.026790634,2020,11
North Chicago,11/18/2020,2600,3275,24,Masonry,Shingle + Asphalt,7,3,Partial,Formal Rec Room,Warm Air Furnace,Central A/C,2,None,2,1,Stock Plan,No,2,Masonry,2.76,Single-Family,2 Story,141.806,0.075183655,2020,11
North Chicago,11/19/2020,495,713,50,Masonry,Shingle + Asphalt,6,3,Full,Formal Rec Room,Warm Air Furnace,Central A/C,1,None,1,1,Stock Plan,No,0,,1.037,Single-Family,2 Story,142.583,0.016368228,2020,11
North Chicago,11/19/2020,785,1125,36,Masonry,Shingle + Asphalt,8,3,Slab,Unfinished,Warm Air Furnace,Central A/C,1,None,2,1,Stock Plan,No,1,Frame,1.958,Single-Family,3 Story +,162.054,0.025826446,2020,11
North Chicago,11/22/2020,1008.5,1610,6,Masonry,Tar + Gravel,8,4,Slab,Unfinished,Warm Air Furnace,Central A/C,0,None,3,1,Stock Plan,No,2,Masonry,2.134,Single-Family,2 Story,58.542,0.036960514,2020,11
North Chicago,11/25/2020,1890,2976,18,Masonry,Shingle + Asphalt,9,4,Full,Unfinished,Warm Air Furnace,Central A/C,0,None,3,1,Stock Plan,No,2,Masonry,3.816,Single-Family,3 Story +,132.222,0.068319559,2020,11
North Chicago,11/27/2020,600,1104,55,Masonry,Tar + Gravel,6,3,Full,Formal Rec Room,Warm Air Furnace,Central A/C,1,None,2,1,Stock Plan,,0,,1.152,Single-Family,2 Story,112.788,0.025344353,2020,11
North Chicago,11/28/2020,415,1108,48,Masonry,Tar + Gravel,5,2,Crawl,Unfinished,Warm Air Furnace,Central A/C,0,None,1,0,Stock Plan,No,0,,1.092,Single-Family,2 Story,109.191,0.02543618,2020,11
North Chicago,11/29/2020,526.5,799,33,Frame + Masonry,Tar + Gravel,4,1,Slab,Unfinished,Warm Air Furnace,Central A/C,1,None,2,0,Stock Plan,,1,Masonry,1.28,Single-Family,3 Story +,148.616,0.018342516,2020,11
North Chicago,12/4/2020,825,892,15,Masonry,Tar + Gravel,7,3,Slab,Unfinished,Warm Air Furnace,Central A/C,1,None,2,1,Stock Plan,No,2,Masonry,1.692,Single-Family,3 Story +,99.44,0.020477502,2020,12
North Chicago,12/7/2020,2825,3175,21,Masonry,Shingle + Asphalt,9,5,Full,Formal Rec Room,Warm Air Furnace,Central A/C,2,None,4,1,Stock Plan,No,2,Masonry,4.118,Single-Family,3 Story +,142.583,0.072887971,2020,12
North Chicago,12/7/2020,3825,2954,3,Masonry,Tar + Gravel,14,7,Full,Formal Rec Room,Warm Air Furnace,Central A/C,3,None,5,2,Stock Plan,No,2,Masonry,4.54,Single-Family,3 Story +,142.583,0.067814509,2020,12
North Chicago,12/8/2020,1400,2550,25,Frame,Shingle + Asphalt,7,3,Full,Unfinished,Warm Air Furnace,Central A/C,1,None,2,1,Stock Plan,,2,Frame,2.784,Single-Family,2 Story,122.479,0.058539945,2020,12
North Chicago,12/9/2020,943.5,1557,44,Frame + Masonry,Shingle + Asphalt,7,4,Slab,Unfinished,Warm Air Furnace,Central A/C,1,None,2,0,Stock Plan,No,1,Frame,2.787,Single-Family,3 Story +,112.788,0.035743802,2020,12
North Chicago,12/14/2020,420,831,50,Masonry,Shingle + Asphalt,6,3,Full,Formal Rec Room,Warm Air Furnace,Central A/C,1,None,1,1,Stock Plan,No,0,,0.826,Single-Family,2 Story,142.583,0.019077135,2020,12
North Chicago,12/16/2020,1050,1452,33,Masonry,Shingle + Asphalt,7,3,Slab,Unfinished,Warm Air Furnace,Central A/C,1,None,3,1,Stock Plan,,1.5,Masonry,2.532,Single-Family,3 Story +,83.806,0.033333333,2020,12
North Chicago,12/17/2020,750,935,6,Frame + Masonry,Shingle + Asphalt,7,3,Slab,Unfinished,Warm Air Furnace,Central A/C,0,None,2,1,Stock Plan,No,2,Masonry,1.8,Single-Family,3 Story +,58.542,0.021464646,2020,12
North Chicago,12/18/2020,4000,4323,21,Masonry,Shingle + Asphalt,9,4,Full,Formal Rec Room,Warm Air Furnace,Central A/C,2,None,4,1,Stock Plan,No,3,Masonry,5.752,Single-Family,3 Story +,141.806,0.099242424,2020,12
North Chicago,12/23/2020,640,882,31,Masonry,Tar + Gravel,7,3,Slab,Unfinished,Warm Air Furnace,Central A/C,1,None,2,1,Stock Plan,,1,Masonry,1.616,Single-Family,3 Story +,148.616,0.020247934,2020,12
North Chicago,12/23/2020,705,646,27,Masonry,Tar + Gravel,6,2,Slab,Unfinished,Warm Air Furnace,Central A/C,0,None,2,0,Stock Plan,No,1,Masonry,1.603,Single-Family,3 Story +,148.616,0.014830119,2020,12
North Chicago,12/23/2020,767,897,27,Masonry,Tar + Gravel,8,3,Slab,Unfinished,Warm Air Furnace,Central A/C,0,None,2,1,Stock Plan,No,1.5,Masonry,2.326,Single-Family,3 Story +,148.616,0.020592287,2020,12
North Chicago,12/29/2020,792.5,1067,26,Masonry,Shingle + Asphalt,6,3,Slab,Unfinished,Warm Air Furnace,Central A/C,0,None,3,0,Stock Plan,Yes,1,Masonry,1.869,Single-Family,3 Story +,122.479,0.024494949,2020,12
North Chicago,12/30/2020,2500,3125,18,Masonry,Tar + Gravel,8,3,Full,Formal Rec Room,Warm Air Furnace,Central A/C,1,None,3,1,Stock Plan,No,2,Masonry,3.713,Single-Family,3 Story +,148.616,0.071740129,2020,12
North Chicago,12/30/2020,2917.5,3100,6,Masonry,Other,10,5,Full,Formal Rec Room,Warm Air Furnace,Central A/C,1,None,4,1,Stock Plan,No,2.5,Masonry,3.781,Single-Family,3 Story +,138.934,0.071166208,2020,12
North Chicago,12/31/2020,495,692,50,Masonry,Tar + Gravel,5,2,Slab,Unfinished,Warm Air Furnace,Central A/C,1,None,2,1,Stock Plan,No,0,,1.386,Single-Family,3 Story +,142.583,0.015886134,2020,12
